run_name,arm,variant,train_frac,seed,n_train,best_epoch,macro_f1,last_epoch_macro_f1,macro_auc,micro_auc,acc,f1_none,f1_infection,f1_ischaemia,f1_both
pretrained_seed0,pretrained,,1.0,0,4167,29,0.8585,nan,,,0.8535,0.8499,0.8450,0.8308,0.9082
pretrained_seed1,pretrained,,1.0,1,4167,29,0.8740,nan,,,0.8591,0.8492,0.8536,0.8824,0.9110
pretrained_seed2,pretrained,,1.0,2,4167,29,0.8764,nan,,,0.8501,0.8467,0.8306,0.9118,0.9167
g_pre_pseudo_s0,pretrained,group+pseudo0.9,1.0,0,5219,18,0.8080,0.7736,0.9414,0.9580,0.7995,0.8211,0.7592,0.7857,0.8661
g_pre_pseudo_s1,pretrained,group+pseudo0.9,1.0,1,5219,14,0.8206,0.8225,0.9371,0.9589,0.8241,0.8348,0.8043,0.7385,0.9048
g_pre_pseudo_s2,pretrained,group+pseudo0.9,1.0,2,5219,20,0.8335,0.8335,0.9191,0.9578,0.8155,0.8181,0.7954,0.8070,0.9134
g_pre_reg_s0,pretrained,group+strong-aug+ls0.1,1.0,0,4332,18,0.7496,0.7128,0.9067,0.9000,0.7651,0.7965,0.7309,0.6885,0.7826
g_pre_reg_s1,pretrained,group+strong-aug+ls0.1,1.0,1,4332,19,0.7958,0.7298,0.9138,0.9253,0.7897,0.8031,0.7640,0.7419,0.8739
g_pre_reg_s2,pretrained,group+strong-aug+ls0.1,1.0,2,4332,20,0.8011,0.8011,0.9122,0.9071,0.7983,0.8081,0.7799,0.7636,0.8529
g_pre_basic_s0,pretrained,group,1.0,0,4332,19,0.8006,0.8002,0.9443,0.9560,0.8044,0.8144,0.7910,0.7600,0.8369
g_pre_basic_s1,pretrained,group,1.0,1,4332,17,0.7891,0.7585,0.9410,0.9522,0.7946,0.8028,0.7829,0.7302,0.8406
g_pre_basic_s2,pretrained,group,1.0,2,4332,16,0.8062,0.7912,0.9168,0.9454,0.7749,0.7657,0.7628,0.8214,0.8750
scratch_seed0,scratch,,1.0,0,4167,26,0.8982,nan,,,0.8971,0.9006,0.8862,0.8696,0.9362
scratch_seed1,scratch,,1.0,1,4167,19,0.8655,nan,,,0.8535,0.8583,0.8402,0.8852,0.8783
scratch_seed2,scratch,,1.0,2,4167,27,0.8766,nan,,,0.8803,0.8773,0.8767,0.8235,0.9290
g_student_s0,scratch,group+strong-aug+ls0.1+pseudo0.7,1.0,0,5143,20,0.7831,0.7831,0.9130,0.8922,0.8069,0.8257,0.7952,0.7143,0.7972
g_student_s1,scratch,group+strong-aug+ls0.1+pseudo0.7,1.0,1,5143,20,0.7739,0.7739,0.8999,0.9133,0.8106,0.8229,0.8068,0.6400,0.8261
g_student_s2,scratch,group+strong-aug+ls0.1+pseudo0.7,1.0,2,5143,19,0.7921,0.7866,0.8811,0.8878,0.7934,0.8032,0.7762,0.7500,0.8392
g_scratch_reg_s0,scratch,group+strong-aug+ls0.1,1.0,0,4332,19,0.7712,0.7879,0.9250,0.8983,0.7909,0.7908,0.7984,0.6957,0.8000
g_scratch_reg_s1,scratch,group+strong-aug+ls0.1,1.0,1,4332,19,0.7606,0.7458,0.8801,0.9135,0.8130,0.8327,0.8120,0.6038,0.7941
g_scratch_reg_s2,scratch,group+strong-aug+ls0.1,1.0,2,4332,20,0.7737,0.7737,0.9101,0.9141,0.8020,0.8251,0.7822,0.6667,0.8209
g_scratch_basic_s0,scratch,group,1.0,0,4332,8,0.7730,0.7737,0.9387,0.9519,0.7835,0.8026,0.7648,0.7308,0.7937
g_scratch_basic_s1,scratch,group,1.0,1,4332,5,0.7616,0.7723,0.9318,0.9477,0.7737,0.7833,0.7656,0.7037,0.7939
g_scratch_basic_s2,scratch,group,1.0,2,4332,14,0.7837,0.7932,0.9377,0.9537,0.8106,0.8351,0.7921,0.7018,0.8060
