image,group
301000.jpg,0
301001.jpg,1
301002.jpg,2
301003.jpg,3
301004.jpg,4
301005.jpg,5
301006.jpg,6
301007.jpg,7
301008.jpg,8
301009.jpg,9
301010.jpg,10
301011.jpg,11
301012.jpg,3
301013.jpg,12
301014.jpg,13
301015.jpg,14
301016.jpg,15
301017.jpg,16
301018.jpg,5
301019.jpg,17
301020.jpg,18
301021.jpg,19
301022.jpg,20
301023.jpg,21
301024.jpg,22
301025.jpg,23
301026.jpg,24
301027.jpg,25
301028.jpg,26
301029.jpg,27
301030.jpg,28
301031.jpg,29
301032.jpg,30
301033.jpg,31
301034.jpg,32
301035.jpg,33
301036.jpg,34
301037.jpg,35
301038.jpg,36
301039.jpg,37
301040.jpg,3
301041.jpg,38
301042.jpg,39
301043.jpg,40
301044.jpg,41
301045.jpg,42
301046.jpg,43
301047.jpg,44
301048.jpg,45
301049.jpg,46
301050.jpg,47
301051.jpg,48
301052.jpg,49
301053.jpg,50
301054.jpg,51
301055.jpg,23
301056.jpg,52
301057.jpg,53
301058.jpg,54
301059.jpg,55
301060.jpg,56
301061.jpg,57
301062.jpg,58
301063.jpg,59
301064.jpg,60
301065.jpg,61
301066.jpg,62
301067.jpg,63
301068.jpg,64
301069.jpg,65
301070.jpg,66
301071.jpg,67
301072.jpg,68
301073.jpg,69
301074.jpg,70
301075.jpg,71
301076.jpg,72
301077.jpg,73
301078.jpg,3
301079.jpg,74
301080.jpg,75
301081.jpg,76
301082.jpg,77
301083.jpg,78
301084.jpg,79
301085.jpg,80
301086.jpg,41
301087.jpg,81
301088.jpg,41
301089.jpg,82
301090.jpg,83
301091.jpg,84
301092.jpg,85
301093.jpg,86
301094.jpg,87
301095.jpg,88
301096.jpg,89
301097.jpg,90
301098.jpg,91
301099.jpg,92
301100.jpg,93
301101.jpg,94
301102.jpg,95
301103.jpg,96
301104.jpg,97
301105.jpg,98
301106.jpg,99
301107.jpg,100
301108.jpg,101
301109.jpg,102
301110.jpg,30
301111.jpg,103
301112.jpg,104
301113.jpg,105
301114.jpg,106
301115.jpg,107
301116.jpg,108
301117.jpg,109
301118.jpg,110
301119.jpg,111
301120.jpg,112
301121.jpg,16
301122.jpg,113
301123.jpg,114
301124.jpg,115
301125.jpg,116
301126.jpg,117
301127.jpg,41
301128.jpg,118
301129.jpg,119
301130.jpg,120
301131.jpg,121
301132.jpg,122
301133.jpg,3
301134.jpg,123
301135.jpg,124
301136.jpg,125
301137.jpg,126
301138.jpg,127
301139.jpg,128
301140.jpg,129
301141.jpg,130
301142.jpg,131
301143.jpg,132
301144.jpg,41
301145.jpg,108
301146.jpg,133
301147.jpg,134
301148.jpg,135
301149.jpg,136
301150.jpg,137
301151.jpg,28
301152.jpg,138
301153.jpg,139
301154.jpg,140
301155.jpg,141
301156.jpg,142
301157.jpg,104
301158.jpg,143
301159.jpg,144
301160.jpg,145
301161.jpg,146
301162.jpg,147
301163.jpg,148
301164.jpg,149
301165.jpg,150
301166.jpg,151
301167.jpg,152
301168.jpg,153
301169.jpg,154
301170.jpg,155
301171.jpg,156
301172.jpg,157
301173.jpg,158
301174.jpg,159
301175.jpg,160
301176.jpg,161
301177.jpg,162
301178.jpg,163
301179.jpg,164
301180.jpg,165
301181.jpg,41
301182.jpg,166
301183.jpg,167
301184.jpg,168
301185.jpg,169
301186.jpg,170
301187.jpg,171
301188.jpg,172
301189.jpg,3
301190.jpg,173
301191.jpg,174
301192.jpg,3
301193.jpg,175
301194.jpg,176
301195.jpg,177
301196.jpg,178
301197.jpg,179
301198.jpg,180
301199.jpg,181
301200.jpg,182
301201.jpg,183
301202.jpg,184
301203.jpg,185
301204.jpg,186
301205.jpg,187
301206.jpg,188
301207.jpg,189
301208.jpg,190
301209.jpg,191
301210.jpg,192
301211.jpg,193
301212.jpg,194
301213.jpg,195
301214.jpg,196
301215.jpg,197
301216.jpg,198
301217.jpg,199
301218.jpg,200
301219.jpg,201
301220.jpg,202
301221.jpg,75
301222.jpg,203
301223.jpg,204
301224.jpg,205
301225.jpg,206
301226.jpg,207
301227.jpg,208
301228.jpg,209
301229.jpg,210
301230.jpg,211
301231.jpg,212
301232.jpg,213
301233.jpg,41
301234.jpg,214
301235.jpg,215
301236.jpg,3
301237.jpg,216
301238.jpg,217
301239.jpg,218
301240.jpg,219
301241.jpg,220
301242.jpg,221
301243.jpg,222
301244.jpg,223
301245.jpg,224
301246.jpg,225
301247.jpg,226
301248.jpg,84
301249.jpg,227
301250.jpg,228
301251.jpg,229
301252.jpg,230
301253.jpg,231
301254.jpg,14
301255.jpg,232
301256.jpg,233
301257.jpg,234
301258.jpg,235
301259.jpg,236
301260.jpg,237
301261.jpg,238
301262.jpg,239
301263.jpg,3
301264.jpg,240
301265.jpg,241
301266.jpg,242
301267.jpg,182
301268.jpg,243
301269.jpg,221
301270.jpg,244
301271.jpg,245
301272.jpg,246
301273.jpg,247
301274.jpg,248
301275.jpg,249
301276.jpg,250
301277.jpg,251
301278.jpg,252
301279.jpg,253
301280.jpg,254
301281.jpg,255
301282.jpg,256
301283.jpg,257
301284.jpg,258
301285.jpg,259
301286.jpg,260
301287.jpg,261
301288.jpg,262
301289.jpg,263
301290.jpg,228
301291.jpg,264
301292.jpg,265
301293.jpg,266
301294.jpg,267
301295.jpg,268
301296.jpg,269
301297.jpg,270
301298.jpg,271
301299.jpg,3
301300.jpg,272
301301.jpg,273
301302.jpg,274
301303.jpg,275
301304.jpg,276
301305.jpg,277
301306.jpg,41
301307.jpg,278
301308.jpg,3
301309.jpg,23
301310.jpg,279
301311.jpg,280
301312.jpg,281
301313.jpg,282
301314.jpg,283
301315.jpg,284
301316.jpg,285
301317.jpg,286
301318.jpg,287
301319.jpg,288
301320.jpg,84
301321.jpg,289
301322.jpg,290
301323.jpg,41
301324.jpg,291
301325.jpg,292
301326.jpg,293
301327.jpg,294
301328.jpg,295
301329.jpg,296
301330.jpg,297
301331.jpg,298
301332.jpg,299
301333.jpg,300
301334.jpg,301
301335.jpg,302
301336.jpg,303
301337.jpg,304
301338.jpg,305
301339.jpg,306
301340.jpg,307
301341.jpg,308
301342.jpg,309
301343.jpg,310
301344.jpg,311
301345.jpg,312
301346.jpg,313
301347.jpg,41
301348.jpg,314
301349.jpg,315
301350.jpg,316
301351.jpg,317
301352.jpg,318
301353.jpg,168
301354.jpg,319
301355.jpg,12
301356.jpg,3
301357.jpg,320
301358.jpg,321
301359.jpg,322
301360.jpg,323
301361.jpg,324
301362.jpg,325
301363.jpg,326
301364.jpg,327
301365.jpg,328
301366.jpg,329
301367.jpg,330
301368.jpg,331
301369.jpg,185
301370.jpg,332
301371.jpg,333
301372.jpg,334
301373.jpg,335
301374.jpg,336
301375.jpg,337
301376.jpg,338
301377.jpg,339
301378.jpg,339
301379.jpg,340
301380.jpg,341
301381.jpg,342
301382.jpg,343
301383.jpg,344
301384.jpg,345
301385.jpg,346
301386.jpg,347
301387.jpg,348
301388.jpg,349
301389.jpg,350
301390.jpg,351
301391.jpg,228
301392.jpg,3
301393.jpg,352
301394.jpg,353
301395.jpg,354
301396.jpg,355
301397.jpg,356
301398.jpg,357
301399.jpg,358
301400.jpg,359
301401.jpg,360
301402.jpg,265
301403.jpg,361
301404.jpg,362
301405.jpg,363
301406.jpg,364
301407.jpg,365
301408.jpg,366
301409.jpg,3
301410.jpg,367
301411.jpg,41
301412.jpg,368
301413.jpg,3
301414.jpg,41
301415.jpg,369
301416.jpg,370
301417.jpg,371
301418.jpg,372
301419.jpg,209
301420.jpg,373
301421.jpg,374
301422.jpg,39
301423.jpg,375
301424.jpg,376
301425.jpg,377
301426.jpg,378
301427.jpg,379
301428.jpg,380
301429.jpg,228
301430.jpg,228
301431.jpg,1
301432.jpg,381
301433.jpg,382
301434.jpg,383
301435.jpg,30
301436.jpg,3
301437.jpg,384
301438.jpg,385
301439.jpg,386
301440.jpg,3
301441.jpg,387
301442.jpg,388
301443.jpg,389
301444.jpg,221
301445.jpg,390
301446.jpg,182
301447.jpg,336
301448.jpg,391
301449.jpg,392
301450.jpg,34
301451.jpg,393
301452.jpg,394
301453.jpg,395
301454.jpg,396
301455.jpg,397
301456.jpg,3
301457.jpg,398
301458.jpg,399
301459.jpg,400
301460.jpg,401
301461.jpg,402
301462.jpg,403
301463.jpg,404
301464.jpg,405
301465.jpg,406
301466.jpg,407
301467.jpg,408
301468.jpg,409
301469.jpg,410
301470.jpg,100
301471.jpg,411
301472.jpg,412
301473.jpg,413
301474.jpg,414
301475.jpg,415
301476.jpg,416
301477.jpg,417
301478.jpg,418
301479.jpg,419
301480.jpg,420
301481.jpg,421
301482.jpg,422
301483.jpg,423
301484.jpg,424
301485.jpg,425
301486.jpg,426
301487.jpg,41
301488.jpg,427
301489.jpg,428
301490.jpg,122
301491.jpg,429
301492.jpg,430
301493.jpg,431
301494.jpg,154
301495.jpg,432
301496.jpg,433
301497.jpg,434
301498.jpg,435
301499.jpg,129
301500.jpg,436
301501.jpg,437
301502.jpg,438
301503.jpg,439
301504.jpg,440
301505.jpg,441
301506.jpg,442
301507.jpg,381
301508.jpg,443
301509.jpg,444
301510.jpg,445
301511.jpg,446
301512.jpg,447
301513.jpg,448
301514.jpg,449
301515.jpg,450
301516.jpg,451
301517.jpg,452
301518.jpg,453
301519.jpg,454
301520.jpg,455
301521.jpg,456
301522.jpg,457
301523.jpg,458
301524.jpg,459
301525.jpg,460
301526.jpg,461
301527.jpg,462
301528.jpg,463
301529.jpg,464
301530.jpg,465
301531.jpg,466
301532.jpg,467
301533.jpg,468
301534.jpg,469
301535.jpg,470
301536.jpg,471
301537.jpg,472
301538.jpg,473
301539.jpg,474
301540.jpg,3
301541.jpg,475
301542.jpg,476
301543.jpg,477
301544.jpg,478
301545.jpg,479
301546.jpg,480
301547.jpg,481
301548.jpg,330
301549.jpg,482
301550.jpg,483
301551.jpg,484
301552.jpg,485
301553.jpg,486
301554.jpg,359
301555.jpg,487
301556.jpg,488
301557.jpg,489
301558.jpg,490
301559.jpg,491
301560.jpg,492
301561.jpg,493
301562.jpg,494
301563.jpg,495
301564.jpg,496
301565.jpg,497
301566.jpg,498
301567.jpg,499
301568.jpg,500
301569.jpg,501
301570.jpg,502
301571.jpg,503
301572.jpg,504
301573.jpg,505
301574.jpg,506
301575.jpg,182
301576.jpg,507
301577.jpg,508
301578.jpg,41
301579.jpg,509
301580.jpg,510
301581.jpg,511
301582.jpg,512
301583.jpg,513
301584.jpg,514
301585.jpg,515
301586.jpg,516
301587.jpg,517
301588.jpg,518
301589.jpg,519
301590.jpg,520
301591.jpg,312
301592.jpg,228
301593.jpg,521
301594.jpg,3
301595.jpg,522
301596.jpg,523
301597.jpg,524
301598.jpg,525
301599.jpg,526
301600.jpg,527
301601.jpg,528
301602.jpg,529
301603.jpg,530
301604.jpg,531
301605.jpg,532
301606.jpg,533
301607.jpg,534
301608.jpg,535
301609.jpg,536
301610.jpg,537
301611.jpg,538
301612.jpg,366
301613.jpg,3
301614.jpg,539
301615.jpg,3
301616.jpg,540
301618.jpg,541
301619.jpg,542
301620.jpg,543
301621.jpg,544
301622.jpg,3
301623.jpg,545
301624.jpg,546
301625.jpg,547
301626.jpg,19
301627.jpg,548
301628.jpg,549
301629.jpg,550
301630.jpg,551
301631.jpg,552
301632.jpg,553
301633.jpg,554
301634.jpg,555
301635.jpg,556
301636.jpg,557
301637.jpg,558
301638.jpg,489
301639.jpg,559
301640.jpg,560
301641.jpg,561
301642.jpg,562
301643.jpg,563
301644.jpg,212
301645.jpg,564
301646.jpg,565
301647.jpg,566
301648.jpg,567
301649.jpg,568
301650.jpg,33
301651.jpg,280
301652.jpg,569
301653.jpg,570
301654.jpg,571
301655.jpg,572
301656.jpg,573
301657.jpg,574
301658.jpg,3
301659.jpg,575
301660.jpg,576
301661.jpg,577
301662.jpg,578
301663.jpg,579
301664.jpg,580
301665.jpg,581
301666.jpg,318
301667.jpg,582
301668.jpg,439
301669.jpg,583
301670.jpg,584
301671.jpg,423
301672.jpg,585
301673.jpg,586
301674.jpg,587
301675.jpg,588
301676.jpg,589
301677.jpg,590
301678.jpg,591
301679.jpg,592
301680.jpg,3
301681.jpg,593
301683.jpg,594
301684.jpg,595
301685.jpg,596
301686.jpg,448
301687.jpg,597
301688.jpg,598
301689.jpg,599
301690.jpg,600
301691.jpg,601
301692.jpg,602
301693.jpg,603
301694.jpg,604
301695.jpg,605
301696.jpg,606
301697.jpg,513
301698.jpg,607
301699.jpg,461
301700.jpg,608
301701.jpg,446
301702.jpg,609
301703.jpg,111
301704.jpg,610
301705.jpg,611
301706.jpg,612
301707.jpg,613
301708.jpg,41
301709.jpg,614
301710.jpg,615
301711.jpg,616
301712.jpg,617
301713.jpg,541
301714.jpg,618
301715.jpg,619
301716.jpg,620
301717.jpg,3
301718.jpg,621
301720.jpg,359
301721.jpg,622
301722.jpg,623
301723.jpg,624
301724.jpg,625
301725.jpg,626
301726.jpg,627
301727.jpg,628
301728.jpg,629
301729.jpg,630
301730.jpg,631
301731.jpg,16
301732.jpg,23
301733.jpg,632
301734.jpg,633
301735.jpg,634
301736.jpg,635
301737.jpg,87
301738.jpg,636
301739.jpg,637
301740.jpg,3
301741.jpg,638
301742.jpg,639
301743.jpg,202
301744.jpg,640
301745.jpg,641
301746.jpg,642
301747.jpg,643
301748.jpg,265
301749.jpg,644
301750.jpg,645
301751.jpg,250
301752.jpg,646
301753.jpg,647
301754.jpg,648
301755.jpg,649
301756.jpg,650
301757.jpg,651
301758.jpg,182
301759.jpg,652
301760.jpg,653
301761.jpg,654
301762.jpg,655
301763.jpg,656
301764.jpg,657
301765.jpg,658
301766.jpg,659
301767.jpg,660
301768.jpg,148
301769.jpg,661
301770.jpg,662
301771.jpg,663
301772.jpg,664
301773.jpg,665
301774.jpg,666
301775.jpg,667
301777.jpg,668
301778.jpg,669
301779.jpg,670
301780.jpg,671
301781.jpg,672
301782.jpg,673
301783.jpg,674
301784.jpg,675
301785.jpg,676
301786.jpg,677
301787.jpg,678
301788.jpg,679
301789.jpg,680
301790.jpg,681
301791.jpg,682
301792.jpg,683
301793.jpg,684
301794.jpg,441
301795.jpg,595
301796.jpg,685
301797.jpg,686
301798.jpg,687
301799.jpg,688
301800.jpg,689
301801.jpg,690
301802.jpg,691
301803.jpg,692
301804.jpg,693
301805.jpg,694
301806.jpg,695
301807.jpg,696
301808.jpg,697
301809.jpg,23
301810.jpg,698
301811.jpg,699
301812.jpg,601
301813.jpg,700
301814.jpg,701
301815.jpg,702
301816.jpg,703
301817.jpg,704
301818.jpg,41
301819.jpg,705
301820.jpg,706
301821.jpg,707
301822.jpg,708
301823.jpg,709
301824.jpg,286
301825.jpg,710
301826.jpg,711
301827.jpg,712
301828.jpg,713
301829.jpg,714
301830.jpg,715
301831.jpg,716
301832.jpg,717
301833.jpg,718
301834.jpg,719
301835.jpg,720
301837.jpg,721
301838.jpg,722
301839.jpg,723
301840.jpg,724
301841.jpg,725
301842.jpg,726
301843.jpg,727
301844.jpg,637
301845.jpg,728
301846.jpg,729
301847.jpg,730
301848.jpg,731
301850.jpg,732
301851.jpg,733
301852.jpg,734
301853.jpg,735
301854.jpg,736
301855.jpg,737
301856.jpg,738
301857.jpg,3
301858.jpg,739
301859.jpg,179
301860.jpg,386
301861.jpg,740
301862.jpg,741
301863.jpg,742
301864.jpg,247
301865.jpg,743
301866.jpg,744
301867.jpg,745
301868.jpg,746
301869.jpg,285
301871.jpg,747
301872.jpg,748
301873.jpg,749
301874.jpg,750
301875.jpg,751
301876.jpg,752
301877.jpg,753
301878.jpg,228
301879.jpg,754
301880.jpg,755
301881.jpg,382
301882.jpg,756
301883.jpg,757
301884.jpg,758
301885.jpg,759
301886.jpg,760
301887.jpg,761
301888.jpg,762
301889.jpg,763
301890.jpg,764
301891.jpg,765
301892.jpg,766
301893.jpg,3
301894.jpg,767
301895.jpg,768
301896.jpg,769
301897.jpg,770
301898.jpg,771
301899.jpg,772
301900.jpg,773
301901.jpg,181
301902.jpg,774
301903.jpg,775
301904.jpg,528
301905.jpg,776
301907.jpg,777
301908.jpg,778
301909.jpg,779
301910.jpg,780
301911.jpg,781
301912.jpg,659
301913.jpg,782
301914.jpg,783
301915.jpg,784
301916.jpg,785
301917.jpg,786
301918.jpg,787
301919.jpg,788
301920.jpg,789
301921.jpg,790
301922.jpg,791
301923.jpg,792
301924.jpg,793
301925.jpg,65
301926.jpg,794
301927.jpg,795
301928.jpg,796
301929.jpg,594
301930.jpg,797
301931.jpg,41
301932.jpg,798
301933.jpg,799
301934.jpg,800
301935.jpg,801
301936.jpg,802
301937.jpg,803
301938.jpg,150
301939.jpg,804
301940.jpg,805
301941.jpg,321
301942.jpg,806
301943.jpg,807
301944.jpg,271
301945.jpg,802
301946.jpg,808
301947.jpg,809
301948.jpg,810
301949.jpg,811
301950.jpg,812
301951.jpg,813
301952.jpg,814
301953.jpg,815
301954.jpg,816
301955.jpg,817
301956.jpg,818
301957.jpg,819
301958.jpg,820
301959.jpg,821
301960.jpg,822
301961.jpg,823
301962.jpg,824
301963.jpg,765
301964.jpg,825
301965.jpg,826
301966.jpg,827
301967.jpg,58
301968.jpg,828
301969.jpg,829
301970.jpg,830
301971.jpg,831
301972.jpg,832
301973.jpg,833
301974.jpg,834
301975.jpg,835
301976.jpg,836
301977.jpg,837
301978.jpg,838
301979.jpg,839
301980.jpg,840
301981.jpg,841
301982.jpg,842
301983.jpg,843
301984.jpg,844
301985.jpg,845
301986.jpg,838
301987.jpg,846
301988.jpg,847
301989.jpg,469
301990.jpg,848
301991.jpg,849
301992.jpg,850
301993.jpg,851
301994.jpg,852
301995.jpg,853
301996.jpg,854
301997.jpg,855
301998.jpg,27
301999.jpg,856
302000.jpg,857
302001.jpg,858
302002.jpg,611
302003.jpg,859
302004.jpg,840
302005.jpg,860
302006.jpg,408
302007.jpg,861
302008.jpg,862
302009.jpg,863
302010.jpg,864
302011.jpg,33
302012.jpg,865
302013.jpg,866
302014.jpg,283
302015.jpg,867
302016.jpg,688
302017.jpg,868
302018.jpg,869
302019.jpg,584
302020.jpg,870
302021.jpg,549
302022.jpg,489
302023.jpg,871
302024.jpg,872
302025.jpg,873
302026.jpg,181
302027.jpg,874
302028.jpg,207
302029.jpg,875
302030.jpg,876
302031.jpg,877
302032.jpg,878
302033.jpg,3
302034.jpg,271
302036.jpg,103
302037.jpg,879
302038.jpg,880
302039.jpg,639
302040.jpg,881
302041.jpg,882
302042.jpg,883
302043.jpg,884
302044.jpg,154
302045.jpg,885
302046.jpg,886
302047.jpg,672
302048.jpg,887
302049.jpg,888
302050.jpg,889
302051.jpg,890
302052.jpg,707
302053.jpg,891
302054.jpg,892
302055.jpg,893
302056.jpg,894
302057.jpg,895
302058.jpg,896
302059.jpg,427
302060.jpg,897
302061.jpg,898
302062.jpg,3
302063.jpg,41
302064.jpg,899
302065.jpg,900
302066.jpg,41
302067.jpg,901
302068.jpg,902
302069.jpg,425
302070.jpg,903
302071.jpg,904
302072.jpg,41
302073.jpg,779
302074.jpg,905
302075.jpg,906
302076.jpg,907
302077.jpg,908
302078.jpg,656
302079.jpg,909
302080.jpg,910
302081.jpg,911
302082.jpg,912
302083.jpg,913
302084.jpg,914
302085.jpg,915
302086.jpg,916
302087.jpg,33
302088.jpg,917
302089.jpg,918
302090.jpg,896
302091.jpg,919
302092.jpg,920
302093.jpg,921
302094.jpg,3
302095.jpg,922
302096.jpg,923
302097.jpg,924
302098.jpg,925
302099.jpg,926
302100.jpg,927
302101.jpg,411
302102.jpg,190
302103.jpg,928
302104.jpg,929
302105.jpg,41
302106.jpg,930
302107.jpg,931
302108.jpg,932
302109.jpg,933
302110.jpg,934
302111.jpg,67
302112.jpg,935
302113.jpg,936
302114.jpg,937
302115.jpg,938
302116.jpg,939
302117.jpg,940
302118.jpg,464
302119.jpg,941
302120.jpg,942
302121.jpg,943
302122.jpg,944
302123.jpg,945
302124.jpg,946
302125.jpg,947
302126.jpg,34
302127.jpg,563
302128.jpg,948
302129.jpg,949
302130.jpg,654
302131.jpg,950
302132.jpg,951
302133.jpg,952
302134.jpg,520
302135.jpg,953
302136.jpg,954
302137.jpg,448
302138.jpg,955
302139.jpg,956
302140.jpg,957
302141.jpg,958
302142.jpg,921
302143.jpg,20
302144.jpg,959
302145.jpg,960
302146.jpg,834
302147.jpg,961
302148.jpg,650
302149.jpg,639
302150.jpg,962
302151.jpg,963
302152.jpg,245
302153.jpg,964
302154.jpg,330
302155.jpg,965
302156.jpg,966
302157.jpg,967
302158.jpg,968
302159.jpg,969
302161.jpg,970
302162.jpg,971
302163.jpg,724
302164.jpg,972
302165.jpg,973
302166.jpg,974
302167.jpg,975
302168.jpg,124
302169.jpg,124
302170.jpg,609
302171.jpg,68
302172.jpg,976
302173.jpg,977
302174.jpg,587
302175.jpg,228
302176.jpg,978
302177.jpg,979
302178.jpg,980
302179.jpg,981
302180.jpg,982
302181.jpg,983
302182.jpg,984
302183.jpg,985
302184.jpg,604
302185.jpg,986
302186.jpg,3
302187.jpg,987
302188.jpg,988
302190.jpg,989
302191.jpg,990
302192.jpg,991
302193.jpg,992
302194.jpg,993
302195.jpg,994
302196.jpg,995
302197.jpg,996
302198.jpg,41
302200.jpg,997
302201.jpg,511
302202.jpg,998
302203.jpg,999
302204.jpg,1000
302205.jpg,1001
302206.jpg,1002
302207.jpg,1003
302208.jpg,1004
302209.jpg,1005
302210.jpg,129
302211.jpg,1006
302212.jpg,1007
302213.jpg,1008
302214.jpg,1009
302215.jpg,1010
302216.jpg,654
302217.jpg,536
302218.jpg,1011
302219.jpg,3
302220.jpg,59
302221.jpg,1012
302222.jpg,1013
302223.jpg,1014
302224.jpg,1015
302225.jpg,1016
302226.jpg,328
302227.jpg,1017
302228.jpg,41
302229.jpg,511
302230.jpg,1018
302231.jpg,1019
302232.jpg,1020
302233.jpg,1021
302234.jpg,1022
302235.jpg,803
302236.jpg,633
302237.jpg,1023
302238.jpg,1024
302239.jpg,1025
302240.jpg,1026
302241.jpg,511
302242.jpg,41
302243.jpg,1027
302244.jpg,1028
302245.jpg,1029
302246.jpg,1030
302247.jpg,1031
302248.jpg,1032
302249.jpg,826
302250.jpg,1033
302251.jpg,1034
302252.jpg,1035
302253.jpg,1036
302254.jpg,1037
302255.jpg,1038
302256.jpg,1039
302257.jpg,1040
302258.jpg,1041
302259.jpg,724
302260.jpg,1042
302261.jpg,1043
302262.jpg,1044
302263.jpg,1045
302264.jpg,1046
302265.jpg,1047
302266.jpg,1048
302267.jpg,1049
302268.jpg,1050
302269.jpg,1014
302270.jpg,502
302271.jpg,1051
302272.jpg,1052
302273.jpg,1053
302274.jpg,1054
302275.jpg,1055
302276.jpg,1056
302277.jpg,1057
302278.jpg,1058
302279.jpg,1059
302280.jpg,1051
302281.jpg,1060
302282.jpg,1061
302283.jpg,1062
302284.jpg,1063
302285.jpg,1064
302286.jpg,1065
302287.jpg,197
302288.jpg,1066
302289.jpg,1067
302290.jpg,1068
302291.jpg,1069
302292.jpg,807
302293.jpg,1070
302294.jpg,1071
302295.jpg,1072
302296.jpg,1073
302297.jpg,1074
302298.jpg,1075
302299.jpg,12
302300.jpg,1076
302301.jpg,625
302302.jpg,1077
302303.jpg,1078
302304.jpg,1079
302305.jpg,1080
302306.jpg,562
302307.jpg,1081
302308.jpg,41
302309.jpg,1082
302310.jpg,1083
302311.jpg,262
302312.jpg,1084
302313.jpg,1085
302314.jpg,1086
302315.jpg,1087
302316.jpg,1088
302317.jpg,870
302318.jpg,1089
302319.jpg,1090
302320.jpg,1091
302321.jpg,177
302322.jpg,3
302323.jpg,1092
302324.jpg,1093
302325.jpg,874
302326.jpg,1094
302327.jpg,1095
302328.jpg,1096
302329.jpg,1097
302330.jpg,1098
302331.jpg,1099
302332.jpg,1100
302333.jpg,1101
302334.jpg,1102
302335.jpg,848
302336.jpg,1103
302337.jpg,1104
302338.jpg,356
302339.jpg,622
302340.jpg,1105
302341.jpg,690
302342.jpg,1106
302343.jpg,1107
302344.jpg,1108
302345.jpg,1109
302346.jpg,1110
302347.jpg,1111
302348.jpg,1112
302349.jpg,1113
302350.jpg,31
302351.jpg,1114
302352.jpg,1115
302353.jpg,1116
302354.jpg,1117
302355.jpg,1118
302356.jpg,216
302357.jpg,386
302358.jpg,1119
302359.jpg,1120
302360.jpg,1121
302361.jpg,3
302362.jpg,1122
302363.jpg,1123
302364.jpg,1124
302365.jpg,1125
302366.jpg,1126
302367.jpg,1127
302368.jpg,1128
302369.jpg,1129
302370.jpg,1130
302371.jpg,1131
302372.jpg,1132
302373.jpg,1133
302374.jpg,1134
302375.jpg,1135
302376.jpg,1136
302377.jpg,1137
302378.jpg,1138
302379.jpg,963
302380.jpg,1139
302381.jpg,1140
302382.jpg,1141
302383.jpg,1142
302384.jpg,1143
302385.jpg,1144
302386.jpg,1145
302387.jpg,1146
302388.jpg,1147
302389.jpg,1148
302390.jpg,3
302391.jpg,1149
302392.jpg,852
302393.jpg,633
302394.jpg,1150
302395.jpg,1151
302396.jpg,41
302397.jpg,629
302398.jpg,1152
302399.jpg,1153
302400.jpg,1154
302401.jpg,1155
302402.jpg,1156
302403.jpg,1157
302404.jpg,1158
302405.jpg,1159
302406.jpg,1160
302407.jpg,1161
302408.jpg,1162
302409.jpg,806
302410.jpg,1163
302411.jpg,1164
302412.jpg,1165
302413.jpg,1166
302414.jpg,382
302415.jpg,1167
302416.jpg,228
302417.jpg,1168
302418.jpg,615
302419.jpg,1169
302420.jpg,3
302421.jpg,312
302422.jpg,403
302423.jpg,1170
302424.jpg,1171
302425.jpg,1172
302426.jpg,1173
302427.jpg,1174
302428.jpg,1175
302429.jpg,1176
302430.jpg,1177
302431.jpg,1178
302432.jpg,382
302433.jpg,1179
302434.jpg,1180
302435.jpg,1181
302436.jpg,1182
302437.jpg,1183
302438.jpg,1184
302439.jpg,1185
302440.jpg,1186
302441.jpg,221
302442.jpg,600
302443.jpg,1187
302444.jpg,1188
302445.jpg,1189
302446.jpg,1190
302447.jpg,1191
302448.jpg,1192
302449.jpg,1193
302450.jpg,144
302451.jpg,470
302452.jpg,1194
302453.jpg,1195
302454.jpg,33
302455.jpg,1196
302456.jpg,41
302457.jpg,1197
302458.jpg,1198
302459.jpg,1199
302460.jpg,742
302461.jpg,1200
302462.jpg,1201
302463.jpg,1202
302464.jpg,692
302465.jpg,1203
302466.jpg,1204
302467.jpg,1205
302468.jpg,1206
302469.jpg,1207
302470.jpg,1208
302471.jpg,41
302472.jpg,1209
302473.jpg,1210
302474.jpg,617
302475.jpg,1211
302476.jpg,1212
302477.jpg,1213
302478.jpg,3
302479.jpg,1214
302480.jpg,618
302481.jpg,403
302482.jpg,1215
302483.jpg,1216
302484.jpg,3
302485.jpg,1217
302486.jpg,187
302487.jpg,1218
302488.jpg,1219
302489.jpg,3
302490.jpg,1220
302491.jpg,1221
302492.jpg,1222
302493.jpg,1223
302494.jpg,1224
302495.jpg,892
302496.jpg,1225
302497.jpg,1226
302498.jpg,1227
302499.jpg,895
302500.jpg,1228
302501.jpg,1229
302502.jpg,371
302503.jpg,1230
302504.jpg,181
302506.jpg,1231
302507.jpg,1232
302508.jpg,1233
302509.jpg,1234
302510.jpg,1235
302511.jpg,1236
302512.jpg,1237
302513.jpg,1238
302514.jpg,1239
302515.jpg,110
302516.jpg,1240
302517.jpg,737
302518.jpg,1241
302519.jpg,1242
302520.jpg,1243
302521.jpg,1244
302522.jpg,1245
302523.jpg,1246
302524.jpg,1247
302525.jpg,1248
302526.jpg,500
302527.jpg,1249
302528.jpg,1250
302529.jpg,993
302530.jpg,332
302531.jpg,1251
302532.jpg,1252
302533.jpg,1253
302534.jpg,405
302535.jpg,1101
302536.jpg,1194
302537.jpg,351
302538.jpg,1254
302539.jpg,1255
302540.jpg,1256
302541.jpg,1257
302542.jpg,914
302543.jpg,534
302544.jpg,1258
302545.jpg,1259
302546.jpg,1084
302547.jpg,1260
302548.jpg,1261
302549.jpg,1262
302550.jpg,334
302551.jpg,3
302552.jpg,3
302553.jpg,1263
302554.jpg,1264
302555.jpg,1265
302556.jpg,1266
302557.jpg,1267
302558.jpg,1268
302559.jpg,1269
302560.jpg,1270
302561.jpg,175
302562.jpg,1271
302563.jpg,1272
302564.jpg,842
302565.jpg,1273
302566.jpg,1274
302567.jpg,1275
302568.jpg,1276
302569.jpg,1277
302570.jpg,381
302571.jpg,1278
302572.jpg,1279
302573.jpg,1280
302574.jpg,894
302575.jpg,1281
302576.jpg,1282
302577.jpg,1283
302578.jpg,1284
302579.jpg,1285
302580.jpg,1286
302581.jpg,756
302582.jpg,1287
302583.jpg,41
302584.jpg,1288
302585.jpg,1289
302586.jpg,1290
302587.jpg,1291
302588.jpg,3
302589.jpg,1292
302590.jpg,1293
302591.jpg,1294
302592.jpg,1295
302593.jpg,1296
302594.jpg,1297
302595.jpg,1298
302596.jpg,1299
302597.jpg,1300
302598.jpg,1301
302599.jpg,1302
302600.jpg,1303
302601.jpg,944
302602.jpg,1304
302603.jpg,1305
302604.jpg,1306
302605.jpg,1307
302606.jpg,1308
302607.jpg,1309
302608.jpg,1310
302609.jpg,1311
302610.jpg,1041
302611.jpg,1312
302612.jpg,1313
302613.jpg,1314
302614.jpg,1315
302615.jpg,549
302616.jpg,1316
302617.jpg,1317
302618.jpg,1318
302619.jpg,1319
302620.jpg,1320
302621.jpg,1321
302622.jpg,1322
302623.jpg,1323
302624.jpg,356
302625.jpg,58
302626.jpg,1324
302627.jpg,1325
302628.jpg,1326
302629.jpg,1327
302630.jpg,1328
302631.jpg,1329
302632.jpg,221
302633.jpg,1330
302634.jpg,1331
302635.jpg,629
302636.jpg,1332
302637.jpg,1333
302638.jpg,1334
302639.jpg,1129
302640.jpg,135
302641.jpg,1335
302642.jpg,1336
302643.jpg,1337
302644.jpg,904
302645.jpg,758
302646.jpg,1338
302648.jpg,1339
302649.jpg,1340
302650.jpg,1341
302651.jpg,1342
302652.jpg,1343
302653.jpg,486
302654.jpg,1344
302655.jpg,3
302656.jpg,1345
302657.jpg,704
302658.jpg,1346
302659.jpg,1347
302660.jpg,1348
302661.jpg,1349
302662.jpg,1350
302663.jpg,1351
302664.jpg,1352
302665.jpg,734
302666.jpg,1353
302667.jpg,382
302668.jpg,1354
302669.jpg,1029
302670.jpg,3
302671.jpg,3
302672.jpg,1355
302673.jpg,1356
302674.jpg,1357
302675.jpg,1358
302676.jpg,1359
302677.jpg,1360
302678.jpg,1361
302679.jpg,1007
302680.jpg,1362
302681.jpg,1363
302682.jpg,1364
302683.jpg,1365
302684.jpg,741
302685.jpg,1366
302686.jpg,1266
302687.jpg,1367
302688.jpg,1368
302689.jpg,1369
302690.jpg,1370
302691.jpg,1371
302693.jpg,1372
302694.jpg,1373
302695.jpg,1374
302697.jpg,1375
302698.jpg,104
302699.jpg,1376
302700.jpg,1377
302701.jpg,381
302702.jpg,1378
302703.jpg,1379
302704.jpg,359
302705.jpg,986
302706.jpg,1380
302707.jpg,1381
302708.jpg,1382
302709.jpg,1383
302710.jpg,1384
302711.jpg,1377
302712.jpg,87
302713.jpg,1385
302714.jpg,1386
302715.jpg,1387
302716.jpg,1388
302717.jpg,1219
302718.jpg,1389
302719.jpg,1390
302720.jpg,1391
302721.jpg,3
302722.jpg,327
302723.jpg,1392
302724.jpg,1393
302725.jpg,1394
302726.jpg,1395
302727.jpg,54
302728.jpg,1396
302729.jpg,925
302730.jpg,1397
302731.jpg,1398
302732.jpg,1399
302733.jpg,1400
302734.jpg,1401
302735.jpg,1402
302736.jpg,181
302737.jpg,1403
302738.jpg,1404
302739.jpg,1405
302740.jpg,1029
302741.jpg,103
302742.jpg,368
302743.jpg,1406
302744.jpg,1407
302745.jpg,3
302746.jpg,1408
302747.jpg,1409
302748.jpg,1410
302749.jpg,1411
302750.jpg,1412
302751.jpg,1413
302752.jpg,1414
302753.jpg,590
302754.jpg,1415
302755.jpg,630
302756.jpg,1416
302757.jpg,3
302758.jpg,1417
302759.jpg,1418
302760.jpg,1419
302761.jpg,1420
302762.jpg,1421
302763.jpg,1422
302764.jpg,393
302765.jpg,1423
302766.jpg,1424
302767.jpg,1425
302768.jpg,817
302769.jpg,1426
302770.jpg,1427
302771.jpg,1428
302772.jpg,1429
302773.jpg,170
302774.jpg,1430
302775.jpg,1431
302776.jpg,1432
302777.jpg,784
302779.jpg,1433
302780.jpg,1434
302781.jpg,1435
302782.jpg,1436
302783.jpg,1437
302784.jpg,228
302785.jpg,840
302786.jpg,1438
302787.jpg,1439
302788.jpg,1440
302789.jpg,1192
302790.jpg,1337
302791.jpg,41
302792.jpg,1441
302793.jpg,1442
302794.jpg,647
302795.jpg,1443
302796.jpg,1344
302797.jpg,1444
302798.jpg,1445
302799.jpg,1446
302800.jpg,1447
302801.jpg,1448
302802.jpg,1449
302803.jpg,604
302804.jpg,1450
302805.jpg,1451
302806.jpg,1452
302807.jpg,1453
302808.jpg,1454
302809.jpg,1455
302810.jpg,195
302811.jpg,790
302812.jpg,1456
302813.jpg,1457
302814.jpg,1458
302815.jpg,1459
302816.jpg,1460
302817.jpg,1461
302818.jpg,1462
302819.jpg,1463
302820.jpg,1464
302821.jpg,830
302822.jpg,1465
302823.jpg,1466
302824.jpg,1467
302825.jpg,3
302826.jpg,1468
302827.jpg,1469
302828.jpg,1448
302829.jpg,1105
302830.jpg,1470
302831.jpg,798
302832.jpg,907
302833.jpg,1194
302834.jpg,1471
302835.jpg,1472
302836.jpg,1052
302837.jpg,1473
302838.jpg,1474
302839.jpg,1475
302840.jpg,986
302841.jpg,330
302842.jpg,1476
302843.jpg,1477
302844.jpg,741
302845.jpg,1478
302846.jpg,1479
302847.jpg,810
302848.jpg,1480
302849.jpg,1481
302850.jpg,1482
302851.jpg,1483
302852.jpg,41
302853.jpg,1484
302854.jpg,1485
302855.jpg,1486
302856.jpg,1487
302857.jpg,1488
302858.jpg,1489
302859.jpg,1490
302860.jpg,431
302861.jpg,1491
302862.jpg,41
302863.jpg,1492
302864.jpg,492
302865.jpg,1493
302866.jpg,1494
302867.jpg,104
302868.jpg,3
302869.jpg,1495
302870.jpg,1496
302871.jpg,905
302872.jpg,1497
302873.jpg,1498
302874.jpg,1311
302875.jpg,204
302876.jpg,798
302877.jpg,1194
302878.jpg,1499
302879.jpg,104
302880.jpg,1500
302882.jpg,1501
302883.jpg,1439
302884.jpg,221
302885.jpg,1502
302886.jpg,1503
302887.jpg,41
302888.jpg,1504
302889.jpg,1505
302890.jpg,1506
302891.jpg,120
302892.jpg,454
302893.jpg,1507
302894.jpg,75
302895.jpg,340
302896.jpg,1508
302897.jpg,1509
302898.jpg,1510
302899.jpg,1511
302900.jpg,1512
302901.jpg,228
302902.jpg,1513
302903.jpg,1514
302904.jpg,1515
302905.jpg,1516
302906.jpg,152
302907.jpg,104
302908.jpg,1517
302909.jpg,1518
302910.jpg,1519
302911.jpg,1029
302912.jpg,1011
302913.jpg,1520
302914.jpg,1521
302915.jpg,1522
302916.jpg,269
302917.jpg,1523
302918.jpg,1524
302919.jpg,1525
302920.jpg,1526
302921.jpg,1527
302922.jpg,1528
302923.jpg,1529
302924.jpg,1530
302925.jpg,1531
302926.jpg,1532
302927.jpg,1533
302928.jpg,1534
302929.jpg,1535
302930.jpg,1536
302931.jpg,1194
302934.jpg,1537
302935.jpg,1538
302936.jpg,1539
302937.jpg,1540
302938.jpg,784
302939.jpg,220
302940.jpg,1541
302941.jpg,1542
302942.jpg,1543
302943.jpg,1544
302944.jpg,1545
302945.jpg,1546
302946.jpg,1547
302947.jpg,3
302948.jpg,1548
302949.jpg,1549
302950.jpg,1550
302951.jpg,311
302952.jpg,424
302953.jpg,1551
302954.jpg,1552
302955.jpg,1553
302956.jpg,1554
302957.jpg,774
302958.jpg,1555
302959.jpg,1556
302960.jpg,1557
302961.jpg,1558
302962.jpg,511
302963.jpg,384
302964.jpg,1559
302965.jpg,1560
302966.jpg,1561
302967.jpg,1194
302968.jpg,1562
302969.jpg,1563
302970.jpg,1564
302971.jpg,1565
302972.jpg,1566
302973.jpg,1567
302974.jpg,1001
302975.jpg,1568
302977.jpg,1569
302978.jpg,1570
302979.jpg,1571
302980.jpg,1572
302981.jpg,1573
302982.jpg,1574
302983.jpg,1575
302984.jpg,82
302985.jpg,1576
302986.jpg,1577
302987.jpg,1578
302988.jpg,1413
302989.jpg,952
302990.jpg,1579
302991.jpg,1580
302992.jpg,1581
302993.jpg,1582
302994.jpg,1583
302995.jpg,668
302996.jpg,691
302997.jpg,547
302998.jpg,1584
302999.jpg,1585
303000.jpg,1586
303001.jpg,1587
303002.jpg,1588
303003.jpg,1589
303004.jpg,1590
303005.jpg,1591
303006.jpg,1592
303008.jpg,1593
303009.jpg,1594
303010.jpg,1595
303011.jpg,382
303012.jpg,1596
303013.jpg,622
303014.jpg,1597
303015.jpg,1598
303017.jpg,1599
303018.jpg,1600
303019.jpg,389
303020.jpg,1601
303021.jpg,1602
303022.jpg,1603
303023.jpg,1604
303024.jpg,1605
303025.jpg,1606
303026.jpg,1607
303027.jpg,91
303028.jpg,1608
303029.jpg,1609
303030.jpg,228
303031.jpg,1610
303032.jpg,1611
303033.jpg,1612
303034.jpg,1613
303035.jpg,41
303036.jpg,1614
303037.jpg,1572
303038.jpg,1615
303039.jpg,1616
303040.jpg,3
303041.jpg,1617
303042.jpg,464
303043.jpg,1618
303044.jpg,1619
303045.jpg,1620
303046.jpg,1621
303047.jpg,1622
303048.jpg,104
303049.jpg,1273
303050.jpg,1623
303051.jpg,1624
303052.jpg,1625
303053.jpg,1559
303054.jpg,1626
303055.jpg,1627
303056.jpg,1013
303058.jpg,1628
303059.jpg,629
303060.jpg,1629
303061.jpg,1630
303062.jpg,662
303063.jpg,1631
303064.jpg,1632
303065.jpg,1633
303066.jpg,798
303067.jpg,1634
303068.jpg,1635
303069.jpg,1636
303070.jpg,1637
303071.jpg,1638
303072.jpg,1639
303073.jpg,1640
303074.jpg,1641
303075.jpg,1642
303076.jpg,1643
303077.jpg,314
303078.jpg,1644
303079.jpg,1645
303080.jpg,1646
303081.jpg,41
303082.jpg,1647
303083.jpg,1648
303084.jpg,343
303085.jpg,1649
303086.jpg,1650
303087.jpg,1651
303088.jpg,41
303089.jpg,1652
303090.jpg,41
303091.jpg,1033
303092.jpg,1653
303093.jpg,1654
303094.jpg,1655
303095.jpg,1656
303096.jpg,1657
303097.jpg,1658
303098.jpg,1659
303099.jpg,1660
303100.jpg,1661
303101.jpg,1662
303102.jpg,1663
303103.jpg,1664
303104.jpg,1665
303105.jpg,1666
303106.jpg,1667
303107.jpg,184
303108.jpg,1192
303109.jpg,328
303110.jpg,1668
303111.jpg,1669
303112.jpg,1670
303113.jpg,1234
303114.jpg,1671
303115.jpg,1672
303116.jpg,1673
303117.jpg,1229
303118.jpg,1674
303119.jpg,1675
303120.jpg,1676
303121.jpg,1677
303122.jpg,1678
303123.jpg,629
303124.jpg,1679
303125.jpg,1680
303126.jpg,1681
303127.jpg,1682
303128.jpg,1683
303129.jpg,1684
303130.jpg,654
303131.jpg,3
303132.jpg,1685
303133.jpg,32
303134.jpg,1686
303135.jpg,1252
303137.jpg,1687
303138.jpg,1688
303139.jpg,1689
303140.jpg,1690
303141.jpg,1691
303142.jpg,3
303143.jpg,1692
303144.jpg,1693
303145.jpg,616
303146.jpg,41
303147.jpg,1694
303148.jpg,1695
303149.jpg,362
303150.jpg,3
303151.jpg,1696
303152.jpg,1697
303153.jpg,1698
303154.jpg,312
303155.jpg,1699
303156.jpg,1700
303157.jpg,1701
303158.jpg,311
303159.jpg,1702
303160.jpg,1703
303161.jpg,1704
303162.jpg,1705
303163.jpg,1706
303164.jpg,1707
303165.jpg,52
303166.jpg,1226
303167.jpg,1708
303168.jpg,228
303169.jpg,1709
303170.jpg,1710
303171.jpg,228
303172.jpg,902
303173.jpg,1711
303174.jpg,1712
303175.jpg,129
303176.jpg,1176
303177.jpg,704
303178.jpg,1713
303179.jpg,1041
303180.jpg,1714
303181.jpg,1715
303182.jpg,1716
303183.jpg,1717
303184.jpg,1029
303185.jpg,1718
303186.jpg,1393
303187.jpg,1719
303188.jpg,1720
303189.jpg,1721
303190.jpg,1722
303191.jpg,1723
303192.jpg,1724
303193.jpg,1725
303194.jpg,1726
303195.jpg,1727
303196.jpg,1728
303197.jpg,1170
303198.jpg,1729
303200.jpg,1730
303201.jpg,1067
303202.jpg,615
303203.jpg,1731
303204.jpg,1732
303205.jpg,1733
303206.jpg,1734
303207.jpg,1735
303208.jpg,910
303209.jpg,986
303210.jpg,1413
303211.jpg,1736
303212.jpg,1595
303213.jpg,1737
303214.jpg,790
303215.jpg,378
303216.jpg,1738
303217.jpg,1739
303218.jpg,1740
303219.jpg,1741
303220.jpg,1742
303221.jpg,228
303222.jpg,1743
303223.jpg,1744
303224.jpg,1745
303225.jpg,1746
303226.jpg,1747
303228.jpg,1748
303229.jpg,1749
303230.jpg,1750
303231.jpg,1751
303232.jpg,1752
303233.jpg,1753
303234.jpg,3
303235.jpg,3
303236.jpg,874
303237.jpg,415
303238.jpg,661
303239.jpg,1754
303240.jpg,41
303241.jpg,1755
303242.jpg,1756
303243.jpg,221
303244.jpg,1757
303245.jpg,1758
303246.jpg,1759
303247.jpg,3
303248.jpg,1760
303249.jpg,1761
303250.jpg,1762
303251.jpg,1763
303252.jpg,1764
303253.jpg,1765
303254.jpg,108
303255.jpg,1766
303256.jpg,1767
303257.jpg,1768
303258.jpg,1769
303260.jpg,1770
303261.jpg,1771
303262.jpg,1772
303263.jpg,1773
303264.jpg,1774
303265.jpg,1775
303266.jpg,295
303267.jpg,1776
303268.jpg,1666
303269.jpg,695
303270.jpg,1777
303271.jpg,1778
303272.jpg,1779
303273.jpg,343
303274.jpg,1342
303275.jpg,1780
303276.jpg,1123
303277.jpg,724
303278.jpg,876
303279.jpg,110
303280.jpg,1572
303281.jpg,1781
303282.jpg,1782
303283.jpg,1783
303284.jpg,1784
303285.jpg,1785
303286.jpg,1786
303287.jpg,141
303289.jpg,148
303290.jpg,1787
303291.jpg,1788
303292.jpg,1076
303293.jpg,1333
303294.jpg,686
303295.jpg,1789
303296.jpg,1790
303297.jpg,1791
303298.jpg,228
303299.jpg,1792
303300.jpg,19
303301.jpg,1793
303302.jpg,1794
303303.jpg,1795
303304.jpg,970
303305.jpg,1796
303306.jpg,845
303307.jpg,1797
303308.jpg,1798
303309.jpg,1799
303310.jpg,877
303311.jpg,1800
303312.jpg,1801
303313.jpg,1802
303314.jpg,1803
303315.jpg,1804
303316.jpg,1485
303317.jpg,1805
303318.jpg,1806
303319.jpg,1807
303320.jpg,1808
303321.jpg,1579
303322.jpg,1809
303323.jpg,1810
303324.jpg,1811
303325.jpg,767
303326.jpg,1812
303327.jpg,1813
303328.jpg,1814
303329.jpg,143
303330.jpg,1815
303331.jpg,1816
303332.jpg,1817
303333.jpg,1732
303334.jpg,486
303336.jpg,1507
303337.jpg,673
303338.jpg,1818
303339.jpg,1819
303340.jpg,895
303341.jpg,1820
303342.jpg,1821
303343.jpg,1822
303344.jpg,501
303345.jpg,1823
303346.jpg,221
303347.jpg,1824
303348.jpg,1825
303349.jpg,33
303350.jpg,534
303351.jpg,1826
303352.jpg,1413
303353.jpg,1827
303354.jpg,1828
303355.jpg,1829
303356.jpg,1830
303357.jpg,1831
303358.jpg,1832
303359.jpg,1833
303360.jpg,454
303361.jpg,1834
303362.jpg,1835
303363.jpg,13
303364.jpg,116
303365.jpg,1836
303366.jpg,1837
303367.jpg,1838
303368.jpg,1839
303369.jpg,1840
303370.jpg,1841
303371.jpg,1842
303372.jpg,1843
303373.jpg,508
303374.jpg,1844
303375.jpg,1845
303376.jpg,1846
303377.jpg,1847
303378.jpg,1848
303379.jpg,1849
303381.jpg,1850
303382.jpg,1851
303383.jpg,1852
303384.jpg,1853
303385.jpg,1810
303386.jpg,1441
303387.jpg,1487
303388.jpg,1854
303389.jpg,1855
303390.jpg,874
303391.jpg,1856
303392.jpg,1857
303393.jpg,1858
303394.jpg,1859
303395.jpg,3
303396.jpg,1860
303397.jpg,1561
303398.jpg,1861
303399.jpg,1474
303400.jpg,1862
303401.jpg,1863
303402.jpg,330
303403.jpg,1864
303404.jpg,3
303405.jpg,1865
303406.jpg,481
303407.jpg,1866
303408.jpg,840
303409.jpg,901
303410.jpg,1867
303411.jpg,382
303412.jpg,673
303413.jpg,1868
303414.jpg,1869
303415.jpg,1870
303416.jpg,1604
303417.jpg,1871
303418.jpg,724
303419.jpg,830
303420.jpg,1872
303421.jpg,1873
303422.jpg,1874
303423.jpg,1875
303424.jpg,799
303425.jpg,1876
303426.jpg,339
303427.jpg,1877
303428.jpg,458
303429.jpg,1878
303430.jpg,1879
303431.jpg,1052
303432.jpg,1880
303433.jpg,1690
303434.jpg,1759
303435.jpg,1881
303436.jpg,1882
303437.jpg,1883
303438.jpg,1884
303439.jpg,1885
303440.jpg,385
303441.jpg,1886
303442.jpg,1887
303443.jpg,1888
303444.jpg,1536
303445.jpg,1873
303446.jpg,629
303447.jpg,577
303448.jpg,1889
303449.jpg,1890
303450.jpg,751
303451.jpg,1640
303452.jpg,1378
303453.jpg,492
303454.jpg,1891
303455.jpg,1892
303456.jpg,441
303458.jpg,1893
303459.jpg,131
303460.jpg,1894
303461.jpg,1895
303462.jpg,1896
303463.jpg,3
303464.jpg,1897
303465.jpg,1898
303466.jpg,1899
303467.jpg,1900
303468.jpg,1901
303469.jpg,1902
303470.jpg,1903
303471.jpg,1904
303472.jpg,1905
303473.jpg,1906
303475.jpg,1907
303476.jpg,1908
303477.jpg,1909
303478.jpg,33
303479.jpg,1910
303480.jpg,33
303481.jpg,1911
303482.jpg,1912
303483.jpg,1913
303484.jpg,1914
303485.jpg,1915
303486.jpg,1916
303487.jpg,1917
303488.jpg,1918
303489.jpg,1919
303490.jpg,385
303491.jpg,359
303492.jpg,1344
303493.jpg,623
303494.jpg,328
303495.jpg,736
303496.jpg,960
303497.jpg,1920
303498.jpg,327
303499.jpg,1921
303500.jpg,1922
303501.jpg,1923
303502.jpg,1924
303503.jpg,1925
303504.jpg,1926
303506.jpg,41
303507.jpg,735
303508.jpg,1927
303509.jpg,1928
303510.jpg,1454
303511.jpg,722
303512.jpg,1929
303513.jpg,1930
303514.jpg,1931
303516.jpg,1932
303517.jpg,1933
303518.jpg,1934
303519.jpg,1935
303520.jpg,1936
303521.jpg,1937
303522.jpg,1938
303523.jpg,1939
303524.jpg,1940
303525.jpg,594
303526.jpg,1941
303527.jpg,848
303528.jpg,1942
303529.jpg,1943
303530.jpg,1944
303531.jpg,1945
303532.jpg,1946
303533.jpg,1947
303534.jpg,798
303535.jpg,595
303536.jpg,1948
303537.jpg,719
303538.jpg,1949
303539.jpg,1950
303540.jpg,1951
303541.jpg,569
303542.jpg,1952
303543.jpg,1825
303544.jpg,1953
303545.jpg,926
303546.jpg,1954
303547.jpg,1955
303548.jpg,1845
303549.jpg,1723
303550.jpg,620
303551.jpg,1956
303552.jpg,1957
303553.jpg,1958
303554.jpg,1959
303555.jpg,708
303556.jpg,1803
303557.jpg,1960
303558.jpg,1961
303560.jpg,1962
303561.jpg,41
303562.jpg,350
303563.jpg,41
303564.jpg,1963
303565.jpg,1867
303566.jpg,1964
303567.jpg,1965
303568.jpg,1966
303569.jpg,1967
303570.jpg,1968
303571.jpg,1969
303572.jpg,616
303573.jpg,1970
303574.jpg,1971
303575.jpg,1946
303576.jpg,1972
303577.jpg,3
303578.jpg,986
303579.jpg,1973
303580.jpg,1974
303581.jpg,1975
303582.jpg,1976
303583.jpg,1977
303584.jpg,1978
303585.jpg,1979
303586.jpg,1980
303587.jpg,1868
303588.jpg,1981
303589.jpg,1982
303590.jpg,1983
303591.jpg,1984
303592.jpg,1985
303593.jpg,1986
303594.jpg,1987
303595.jpg,1988
303596.jpg,1989
303597.jpg,724
303598.jpg,1256
303599.jpg,1990
303600.jpg,1991
303601.jpg,1992
303602.jpg,91
303603.jpg,1993
303604.jpg,1994
303605.jpg,1995
303606.jpg,1996
303607.jpg,251
303608.jpg,1997
303609.jpg,1998
303610.jpg,1999
303611.jpg,2000
303613.jpg,2001
303614.jpg,2002
303615.jpg,2003
303616.jpg,1194
303617.jpg,3
303618.jpg,3
303619.jpg,2004
303620.jpg,2005
303621.jpg,2006
303622.jpg,2007
303623.jpg,2008
303624.jpg,2009
303625.jpg,2010
303626.jpg,2011
303627.jpg,2012
303628.jpg,1188
303629.jpg,2013
303630.jpg,2014
303631.jpg,2015
303632.jpg,1920
303633.jpg,1888
303634.jpg,1290
303635.jpg,2016
303636.jpg,2017
303637.jpg,2018
303638.jpg,314
303639.jpg,2019
303640.jpg,2020
303641.jpg,2021
303642.jpg,1445
303643.jpg,2022
303644.jpg,2023
303645.jpg,2024
303646.jpg,860
303647.jpg,2025
303648.jpg,2026
303649.jpg,2027
303650.jpg,810
303651.jpg,2028
303652.jpg,876
303653.jpg,2029
303654.jpg,3
303655.jpg,3
303656.jpg,75
303657.jpg,2030
303658.jpg,1267
303659.jpg,2031
303660.jpg,2032
303661.jpg,2033
303662.jpg,2034
303663.jpg,2035
303664.jpg,2036
303665.jpg,213
303666.jpg,2037
303667.jpg,382
303668.jpg,2038
303669.jpg,1744
303670.jpg,41
303671.jpg,2039
303672.jpg,2040
303673.jpg,2041
303674.jpg,2042
303675.jpg,3
303676.jpg,618
303677.jpg,2043
303678.jpg,228
303679.jpg,2044
303680.jpg,2045
303681.jpg,2046
303682.jpg,2047
303683.jpg,2048
303684.jpg,2049
303685.jpg,2050
303686.jpg,2051
303687.jpg,682
303688.jpg,60
303690.jpg,1250
303691.jpg,2052
303692.jpg,985
303693.jpg,2053
303694.jpg,168
303695.jpg,2054
303696.jpg,2055
303697.jpg,636
303698.jpg,723
303699.jpg,2056
303700.jpg,2057
303701.jpg,2058
303702.jpg,2059
303703.jpg,2060
303704.jpg,2061
303705.jpg,608
303706.jpg,2062
303707.jpg,2063
303708.jpg,2064
303709.jpg,2065
303710.jpg,2066
303711.jpg,2067
303712.jpg,2009
303713.jpg,2068
303714.jpg,2069
303715.jpg,1225
303716.jpg,2070
303718.jpg,1614
303719.jpg,1921
303720.jpg,1460
303721.jpg,464
303722.jpg,2071
303723.jpg,758
303724.jpg,2072
303725.jpg,2073
303726.jpg,2074
303727.jpg,2075
303728.jpg,2076
303729.jpg,2077
303730.jpg,2078
303731.jpg,2079
303732.jpg,2080
303733.jpg,2081
303734.jpg,2082
303735.jpg,1176
303736.jpg,2083
303737.jpg,2084
303738.jpg,2085
303739.jpg,2086
303740.jpg,41
303741.jpg,2087
303742.jpg,1002
303743.jpg,33
303744.jpg,2088
303745.jpg,2089
303746.jpg,2090
303747.jpg,2091
303748.jpg,2092
303749.jpg,2093
303750.jpg,384
303751.jpg,2094
303752.jpg,810
303753.jpg,2095
303754.jpg,844
303755.jpg,2096
303756.jpg,2097
303757.jpg,2098
303758.jpg,2099
303759.jpg,2100
303760.jpg,2101
303761.jpg,2102
303762.jpg,2103
303763.jpg,2104
303764.jpg,2105
303765.jpg,203
303766.jpg,2106
303767.jpg,2107
303768.jpg,433
303769.jpg,2108
303770.jpg,2109
303771.jpg,2110
303772.jpg,2111
303773.jpg,2112
303774.jpg,2113
303775.jpg,2114
303776.jpg,1920
303777.jpg,1033
303778.jpg,1897
303779.jpg,190
303780.jpg,398
303781.jpg,2115
303782.jpg,2116
303783.jpg,2117
303784.jpg,2118
303785.jpg,2119
303786.jpg,2120
303787.jpg,1735
303788.jpg,2121
303789.jpg,2122
303790.jpg,703
303791.jpg,2123
303792.jpg,2124
303793.jpg,2056
303794.jpg,111
303795.jpg,2125
303796.jpg,1399
303797.jpg,228
303798.jpg,322
303799.jpg,2126
303800.jpg,2127
303801.jpg,3
303802.jpg,2128
303803.jpg,1654
303804.jpg,1558
303805.jpg,2129
303806.jpg,108
303807.jpg,2130
303808.jpg,2131
303809.jpg,2132
303810.jpg,2133
303811.jpg,2134
303812.jpg,2135
303813.jpg,2136
303814.jpg,2137
303815.jpg,2138
303816.jpg,2139
303817.jpg,2140
303818.jpg,2141
303819.jpg,2142
303820.jpg,2143
303821.jpg,2144
303822.jpg,2145
303823.jpg,2146
303824.jpg,2147
303825.jpg,2148
303826.jpg,2149
303827.jpg,2150
303828.jpg,75
303829.jpg,1419
303830.jpg,1018
303831.jpg,2151
303832.jpg,2152
303833.jpg,2153
303834.jpg,2154
303835.jpg,41
303836.jpg,3
303837.jpg,1588
303838.jpg,3
303839.jpg,2155
303840.jpg,2156
303841.jpg,2157
303842.jpg,968
303843.jpg,2158
303844.jpg,2159
303845.jpg,221
303846.jpg,1308
303847.jpg,2160
303848.jpg,228
303849.jpg,2161
303850.jpg,1737
303851.jpg,2162
303852.jpg,2163
303853.jpg,338
303854.jpg,461
303855.jpg,41
303856.jpg,2164
303857.jpg,2165
303858.jpg,1950
303859.jpg,764
303860.jpg,2166
303861.jpg,356
303862.jpg,2167
303863.jpg,2168
303864.jpg,777
303865.jpg,2169
303866.jpg,2170
303867.jpg,2171
303868.jpg,629
303869.jpg,2172
303870.jpg,2173
303871.jpg,2174
303872.jpg,1647
303873.jpg,2175
303874.jpg,1640
303875.jpg,768
303876.jpg,2176
303877.jpg,2177
303878.jpg,2178
303879.jpg,663
303880.jpg,48
303881.jpg,2179
303882.jpg,41
303883.jpg,1621
303884.jpg,1188
303885.jpg,2180
303886.jpg,2181
303887.jpg,458
303888.jpg,144
303889.jpg,2182
303890.jpg,2183
303891.jpg,2184
303892.jpg,2185
303893.jpg,2186
303894.jpg,2187
303895.jpg,2188
303896.jpg,84
303897.jpg,2189
303898.jpg,2190
303899.jpg,2191
303900.jpg,41
303901.jpg,2192
303902.jpg,2193
303903.jpg,58
303904.jpg,779
303905.jpg,178
303906.jpg,2133
303907.jpg,2194
303908.jpg,2195
303909.jpg,707
303910.jpg,2196
303911.jpg,340
303912.jpg,2197
303913.jpg,67
303914.jpg,2009
303915.jpg,2198
303916.jpg,2199
303917.jpg,2200
303918.jpg,2201
303919.jpg,2202
303920.jpg,2030
303921.jpg,2203
303922.jpg,155
303923.jpg,2204
303924.jpg,1306
303925.jpg,2205
303926.jpg,2206
303927.jpg,3
303928.jpg,2207
303929.jpg,3
303930.jpg,2208
303931.jpg,2209
303932.jpg,874
303933.jpg,2210
303934.jpg,445
303935.jpg,2211
303936.jpg,2212
303937.jpg,2213
303938.jpg,3
303939.jpg,719
303940.jpg,68
303941.jpg,415
303942.jpg,2214
303943.jpg,2215
303944.jpg,2216
303945.jpg,2217
303946.jpg,2081
303947.jpg,2218
303948.jpg,2219
303949.jpg,2220
303950.jpg,2221
303951.jpg,2222
303952.jpg,2223
303953.jpg,125
303954.jpg,2224
303955.jpg,75
303956.jpg,2225
303957.jpg,3
303958.jpg,688
303959.jpg,212
303960.jpg,2226
303961.jpg,2227
303962.jpg,2228
303963.jpg,2229
303964.jpg,2230
303966.jpg,1339
303967.jpg,1199
303968.jpg,2231
303969.jpg,2232
303970.jpg,2233
303971.jpg,2234
303972.jpg,2235
303973.jpg,2236
303974.jpg,41
303975.jpg,1767
303976.jpg,411
303977.jpg,2237
303978.jpg,2238
303979.jpg,2239
303980.jpg,2240
303981.jpg,2241
303982.jpg,2242
303983.jpg,2243
303984.jpg,511
303985.jpg,2244
303986.jpg,1333
303987.jpg,2245
303988.jpg,378
303989.jpg,1194
303990.jpg,2246
303991.jpg,2247
303992.jpg,2248
303993.jpg,2249
303994.jpg,2250
303995.jpg,2251
303996.jpg,1778
303997.jpg,2252
303998.jpg,59
303999.jpg,2253
304000.jpg,2254
304001.jpg,2255
304002.jpg,2256
304003.jpg,2257
304004.jpg,2258
304005.jpg,2259
304006.jpg,1167
304007.jpg,2260
304008.jpg,2261
304009.jpg,2262
304010.jpg,2263
304011.jpg,2264
304012.jpg,2265
304013.jpg,2266
304014.jpg,2267
304015.jpg,2268
304016.jpg,1911
304017.jpg,446
304018.jpg,2269
304019.jpg,798
304020.jpg,2270
304021.jpg,2271
304022.jpg,2272
304023.jpg,2273
304024.jpg,2274
304025.jpg,2275
304026.jpg,2276
304027.jpg,2277
304028.jpg,3
304029.jpg,2273
304030.jpg,2278
304031.jpg,2279
304032.jpg,2280
304033.jpg,2281
304034.jpg,2282
304035.jpg,2283
304036.jpg,1439
304037.jpg,2284
304038.jpg,2285
304039.jpg,3
304040.jpg,2286
304041.jpg,2287
304042.jpg,2288
304043.jpg,2289
304044.jpg,2290
304045.jpg,2291
304046.jpg,2060
304047.jpg,2292
304048.jpg,2293
304049.jpg,2294
304050.jpg,1197
304051.jpg,89
304052.jpg,312
304053.jpg,1011
304054.jpg,1571
304055.jpg,2295
304056.jpg,2296
304057.jpg,2297
304058.jpg,1350
304059.jpg,1641
304060.jpg,2298
304061.jpg,2299
304062.jpg,2300
304063.jpg,2301
304064.jpg,2302
304065.jpg,2259
304066.jpg,129
304067.jpg,522
304068.jpg,2303
304069.jpg,2304
304070.jpg,2305
304071.jpg,182
304072.jpg,2306
304073.jpg,503
304074.jpg,2307
304075.jpg,228
304076.jpg,2308
304077.jpg,2309
304078.jpg,2310
304079.jpg,1535
304080.jpg,2311
304081.jpg,2312
304082.jpg,41
304083.jpg,3
304084.jpg,528
304085.jpg,129
304086.jpg,122
304087.jpg,212
304088.jpg,328
304089.jpg,2313
304090.jpg,2314
304091.jpg,2315
304092.jpg,1457
304093.jpg,2316
304094.jpg,2252
304095.jpg,2317
304096.jpg,2318
304097.jpg,1599
304098.jpg,2319
304099.jpg,3
304100.jpg,876
304101.jpg,2320
304102.jpg,2321
304103.jpg,1418
304104.jpg,2322
304105.jpg,2323
304106.jpg,2324
304107.jpg,2325
304108.jpg,1693
304109.jpg,2326
304110.jpg,1893
304111.jpg,333
304112.jpg,1353
304113.jpg,2327
304114.jpg,2328
304115.jpg,74
304116.jpg,2329
304117.jpg,536
304118.jpg,2330
304119.jpg,2331
304120.jpg,2332
304121.jpg,883
304122.jpg,2333
304123.jpg,723
304124.jpg,2334
304125.jpg,2335
304126.jpg,2336
304127.jpg,33
304128.jpg,1096
304129.jpg,2337
304130.jpg,323
304131.jpg,2338
304132.jpg,502
304133.jpg,2339
304134.jpg,1048
304135.jpg,228
304136.jpg,2340
304137.jpg,1535
304138.jpg,2341
304139.jpg,2342
304140.jpg,2343
304141.jpg,615
304142.jpg,2344
304143.jpg,1464
304144.jpg,2345
304145.jpg,2346
304146.jpg,228
304147.jpg,3
304148.jpg,205
304149.jpg,209
304150.jpg,2347
304151.jpg,2348
304152.jpg,2349
304153.jpg,2350
304154.jpg,2351
304155.jpg,2352
304156.jpg,75
304157.jpg,2353
304158.jpg,2354
304159.jpg,2355
304160.jpg,287
304161.jpg,2356
304162.jpg,2357
304163.jpg,635
304164.jpg,2358
304165.jpg,2359
304167.jpg,3
304168.jpg,2360
304169.jpg,1277
304170.jpg,2361
304171.jpg,2362
304172.jpg,1929
304173.jpg,1168
304174.jpg,2363
304175.jpg,2364
304176.jpg,2365
304177.jpg,1507
304178.jpg,2366
304179.jpg,1824
304180.jpg,995
304181.jpg,33
304182.jpg,431
304184.jpg,1724
304185.jpg,2367
304186.jpg,2368
304187.jpg,2369
304188.jpg,41
304189.jpg,2370
304190.jpg,1316
304191.jpg,2371
304192.jpg,2372
304193.jpg,2373
304194.jpg,2374
304195.jpg,2375
304196.jpg,2376
304197.jpg,2377
304198.jpg,2253
304199.jpg,2378
304200.jpg,174
304201.jpg,2379
304202.jpg,2380
304203.jpg,2381
304204.jpg,2382
304205.jpg,2383
304206.jpg,2384
304207.jpg,2385
304208.jpg,2386
304209.jpg,464
304210.jpg,2387
304211.jpg,3
304212.jpg,2388
304213.jpg,2389
304214.jpg,2390
304215.jpg,2391
304216.jpg,2392
304217.jpg,2393
304218.jpg,2394
304219.jpg,2395
304220.jpg,2396
304221.jpg,2397
304222.jpg,2398
304223.jpg,1572
304224.jpg,2399
304225.jpg,1265
304226.jpg,787
304227.jpg,746
304228.jpg,2400
304229.jpg,1469
304230.jpg,2401
304231.jpg,2402
304232.jpg,2332
304233.jpg,2403
304234.jpg,2404
304235.jpg,2405
304236.jpg,2271
304237.jpg,2406
304238.jpg,1129
304239.jpg,1960
304240.jpg,2407
304241.jpg,2408
304242.jpg,129
304243.jpg,2409
304244.jpg,2410
304245.jpg,2411
304246.jpg,2412
304247.jpg,3
304248.jpg,228
304249.jpg,356
304250.jpg,93
304251.jpg,2413
304252.jpg,2414
304253.jpg,2415
304254.jpg,2416
304256.jpg,2417
304257.jpg,1316
304258.jpg,2418
304259.jpg,2419
304260.jpg,2420
304261.jpg,629
304262.jpg,1215
304263.jpg,2421
304264.jpg,2018
304265.jpg,2422
304266.jpg,13
304267.jpg,2423
304268.jpg,563
304269.jpg,274
304270.jpg,2424
304271.jpg,756
304272.jpg,1406
304273.jpg,2425
304274.jpg,2426
304275.jpg,905
304276.jpg,2427
304277.jpg,2428
304278.jpg,1706
304279.jpg,2429
304280.jpg,2430
304281.jpg,2431
304282.jpg,2432
304283.jpg,1230
304284.jpg,2433
304285.jpg,2434
304286.jpg,2435
304287.jpg,1385
304288.jpg,2195
304289.jpg,2436
304290.jpg,2437
304291.jpg,2438
304292.jpg,2439
304293.jpg,960
304294.jpg,85
304295.jpg,40
304296.jpg,1278
304297.jpg,737
304298.jpg,1389
304299.jpg,2440
304300.jpg,473
304301.jpg,2441
304302.jpg,629
304303.jpg,2442
304304.jpg,2443
304305.jpg,2444
304306.jpg,58
304307.jpg,2445
304308.jpg,1251
304309.jpg,2446
304310.jpg,2447
304312.jpg,2448
304313.jpg,2449
304314.jpg,2450
304315.jpg,2451
304316.jpg,318
304317.jpg,58
304318.jpg,2452
304319.jpg,2182
304320.jpg,1333
304321.jpg,2453
304322.jpg,243
304323.jpg,1748
304324.jpg,33
304325.jpg,2454
304326.jpg,2455
304327.jpg,228
304328.jpg,2456
304329.jpg,2457
304330.jpg,2458
304331.jpg,2459
304332.jpg,1146
304333.jpg,882
304334.jpg,901
304335.jpg,2460
304336.jpg,2461
304337.jpg,1536
304338.jpg,2462
304339.jpg,2463
304340.jpg,2243
304341.jpg,2464
304342.jpg,2465
304343.jpg,2466
304344.jpg,2467
304345.jpg,2468
304346.jpg,87
304347.jpg,104
304348.jpg,545
304349.jpg,2469
304350.jpg,610
304351.jpg,695
304352.jpg,180
304353.jpg,1482
304354.jpg,2470
304355.jpg,2401
304356.jpg,2471
304357.jpg,1167
304358.jpg,151
304359.jpg,2472
304360.jpg,351
304361.jpg,285
304362.jpg,2473
304363.jpg,2474
304364.jpg,2475
304365.jpg,94
304366.jpg,1796
304367.jpg,2476
304368.jpg,2477
304369.jpg,2478
304370.jpg,2467
304371.jpg,2479
304372.jpg,1590
304373.jpg,2480
304374.jpg,2481
304375.jpg,33
304376.jpg,2482
304377.jpg,2483
304378.jpg,1159
304379.jpg,2030
304380.jpg,933
304381.jpg,2484
304382.jpg,2485
304383.jpg,2486
304384.jpg,2487
304385.jpg,2488
304386.jpg,2489
304387.jpg,2490
304388.jpg,3
304389.jpg,127
304390.jpg,2491
304391.jpg,601
304392.jpg,986
304393.jpg,2492
304394.jpg,2493
304395.jpg,657
304396.jpg,2494
304397.jpg,2495
304398.jpg,2496
304399.jpg,295
304400.jpg,2497
304401.jpg,1374
304402.jpg,1557
304403.jpg,2498
304404.jpg,1254
304405.jpg,2499
304406.jpg,576
304407.jpg,2500
304408.jpg,1571
304409.jpg,1557
304410.jpg,2501
304411.jpg,2502
304412.jpg,2503
304413.jpg,2002
304414.jpg,2504
304415.jpg,2505
304416.jpg,2506
304417.jpg,2507
304418.jpg,2508
304419.jpg,2509
304420.jpg,2510
304421.jpg,2511
304422.jpg,58
304423.jpg,2512
304424.jpg,2513
304425.jpg,497
304426.jpg,2514
304427.jpg,2515
304428.jpg,2516
304429.jpg,2517
304430.jpg,2518
304431.jpg,1041
304432.jpg,2519
304433.jpg,228
304434.jpg,212
304435.jpg,58
304436.jpg,2520
304437.jpg,2521
304438.jpg,2522
304439.jpg,2523
304440.jpg,2524
304441.jpg,1686
304442.jpg,180
304443.jpg,2525
304444.jpg,2526
304445.jpg,271
304446.jpg,1007
304447.jpg,2527
304448.jpg,2528
304449.jpg,2529
304450.jpg,1659
304451.jpg,1942
304452.jpg,2481
304453.jpg,1435
304454.jpg,75
304455.jpg,2530
304456.jpg,2531
304457.jpg,2532
304458.jpg,2295
304459.jpg,629
304460.jpg,2533
304461.jpg,2534
304462.jpg,2535
304463.jpg,2507
304464.jpg,2536
304465.jpg,169
304466.jpg,2537
304467.jpg,2538
304468.jpg,523
304469.jpg,2539
304470.jpg,2540
304471.jpg,2541
304472.jpg,1041
304473.jpg,1776
304474.jpg,41
304475.jpg,2542
304476.jpg,2543
304477.jpg,2544
304478.jpg,2545
304479.jpg,2021
304480.jpg,1034
304481.jpg,2196
304482.jpg,2546
304483.jpg,2547
304484.jpg,2548
304485.jpg,2549
304486.jpg,1295
304487.jpg,33
304488.jpg,2550
304489.jpg,2551
304490.jpg,2552
304491.jpg,2553
304492.jpg,2554
304493.jpg,2048
304494.jpg,2037
304495.jpg,2555
304496.jpg,511
304497.jpg,2556
304498.jpg,2557
304499.jpg,2558
304500.jpg,654
304501.jpg,2148
304502.jpg,140
304503.jpg,2559
304504.jpg,2560
304505.jpg,2561
304506.jpg,2562
304507.jpg,2563
304508.jpg,2564
304509.jpg,2008
304510.jpg,36
304511.jpg,2565
304512.jpg,3
304513.jpg,1997
304514.jpg,2566
304515.jpg,2567
304516.jpg,2568
304517.jpg,1355
304518.jpg,2569
304519.jpg,2570
304520.jpg,2281
304521.jpg,1860
304522.jpg,1168
304523.jpg,2571
304524.jpg,2572
304525.jpg,2573
304526.jpg,2574
304527.jpg,204
304528.jpg,874
304529.jpg,2575
304530.jpg,1215
304531.jpg,288
304532.jpg,1971
304533.jpg,2576
304534.jpg,2577
304535.jpg,2578
304536.jpg,2579
304537.jpg,2433
304538.jpg,2580
304539.jpg,2581
304540.jpg,2582
304541.jpg,2583
304542.jpg,2584
304543.jpg,2585
304544.jpg,2586
304545.jpg,2587
304546.jpg,2588
304547.jpg,1850
304548.jpg,2589
304549.jpg,2590
304550.jpg,2591
304551.jpg,2592
304552.jpg,2114
304553.jpg,2593
304554.jpg,2594
304555.jpg,232
304556.jpg,2071
304557.jpg,2595
304558.jpg,2596
304559.jpg,2597
304560.jpg,2598
304561.jpg,2599
304562.jpg,2600
304563.jpg,2601
304564.jpg,2602
304565.jpg,2603
304566.jpg,1649
304567.jpg,1848
304568.jpg,2604
304569.jpg,50
304570.jpg,2605
304571.jpg,94
304572.jpg,2606
304573.jpg,1568
304574.jpg,2607
304575.jpg,2608
304576.jpg,2346
304577.jpg,2609
304578.jpg,1278
304579.jpg,2610
304580.jpg,2611
304581.jpg,2612
304582.jpg,2613
304583.jpg,200
304584.jpg,2614
304585.jpg,2615
304586.jpg,2616
304587.jpg,2617
304588.jpg,2618
304589.jpg,2619
304590.jpg,2620
304591.jpg,1333
304592.jpg,2621
304593.jpg,2622
304594.jpg,2623
304595.jpg,380
304596.jpg,2624
304597.jpg,2625
304598.jpg,1121
304599.jpg,2626
304600.jpg,723
304601.jpg,2470
304602.jpg,2627
304603.jpg,2628
304604.jpg,126
304605.jpg,2629
304606.jpg,2630
304607.jpg,2631
304608.jpg,2632
304609.jpg,2176
304610.jpg,2633
304611.jpg,2634
304612.jpg,2635
304613.jpg,2636
304614.jpg,2637
304615.jpg,2638
304616.jpg,787
304617.jpg,511
304618.jpg,2639
304619.jpg,2640
304620.jpg,2641
304621.jpg,2642
304622.jpg,2643
304623.jpg,2644
304624.jpg,1962
304625.jpg,2645
304626.jpg,2646
304627.jpg,2647
304628.jpg,3
304629.jpg,629
304631.jpg,2648
304632.jpg,2649
304633.jpg,315
304634.jpg,2650
304635.jpg,947
304636.jpg,2651
304637.jpg,2652
304638.jpg,656
304639.jpg,2653
304640.jpg,2365
304641.jpg,1241
304642.jpg,3
304643.jpg,68
304644.jpg,2654
304645.jpg,2655
304646.jpg,2656
304647.jpg,736
304648.jpg,2657
304649.jpg,2658
304650.jpg,2659
304651.jpg,2660
304652.jpg,2476
304653.jpg,2661
304654.jpg,2662
304655.jpg,2663
304656.jpg,2664
304657.jpg,2665
304658.jpg,2666
304659.jpg,2667
304660.jpg,2668
304661.jpg,710
304662.jpg,1487
304663.jpg,2340
304664.jpg,2669
304665.jpg,2670
304666.jpg,2671
304667.jpg,1194
304668.jpg,2672
304669.jpg,2673
304670.jpg,174
304671.jpg,1130
304672.jpg,1654
304673.jpg,2674
304674.jpg,526
304676.jpg,2675
304677.jpg,1413
304678.jpg,1860
304679.jpg,364
304680.jpg,3
304681.jpg,2676
304682.jpg,2399
304683.jpg,1572
304684.jpg,1822
304685.jpg,2677
304687.jpg,1167
304688.jpg,1087
304689.jpg,2678
304690.jpg,2679
304691.jpg,2680
304692.jpg,2681
304693.jpg,2682
304694.jpg,2683
304695.jpg,2684
304696.jpg,2685
304697.jpg,1768
304698.jpg,75
304699.jpg,228
304700.jpg,2686
304701.jpg,2687
304702.jpg,1041
304703.jpg,2688
304704.jpg,848
304705.jpg,2443
304706.jpg,900
304707.jpg,3
304709.jpg,2689
304710.jpg,182
304711.jpg,2690
304712.jpg,917
304713.jpg,1018
304714.jpg,2691
304715.jpg,2692
304716.jpg,2693
304717.jpg,2694
304718.jpg,31
304719.jpg,3
304720.jpg,2695
304721.jpg,120
304722.jpg,110
304723.jpg,2696
304724.jpg,2697
304725.jpg,2698
304726.jpg,2699
304727.jpg,395
304728.jpg,2700
304729.jpg,2490
304730.jpg,2701
304731.jpg,2702
304732.jpg,87
304733.jpg,2703
304734.jpg,2704
304736.jpg,2705
304737.jpg,963
304738.jpg,524
304739.jpg,2399
304740.jpg,2706
304741.jpg,2707
304742.jpg,1737
304743.jpg,2708
304744.jpg,1149
304745.jpg,2709
304746.jpg,2710
304747.jpg,2711
304748.jpg,2712
304749.jpg,2713
304750.jpg,2714
304751.jpg,2715
304753.jpg,2716
304754.jpg,2717
304755.jpg,2718
304756.jpg,40
304757.jpg,2719
304758.jpg,126
304759.jpg,2720
304760.jpg,2120
304761.jpg,2721
304762.jpg,1113
304763.jpg,2722
304764.jpg,2723
304765.jpg,2724
304766.jpg,2725
304767.jpg,2726
304768.jpg,2046
304769.jpg,2365
304770.jpg,1116
304771.jpg,2727
304772.jpg,2728
304773.jpg,654
304774.jpg,2729
304775.jpg,2730
304776.jpg,826
304777.jpg,2731
304778.jpg,2533
304779.jpg,2732
304780.jpg,724
304781.jpg,2733
304782.jpg,2614
304783.jpg,1292
304784.jpg,2217
304785.jpg,2734
304786.jpg,205
304787.jpg,2735
304788.jpg,2736
304789.jpg,2737
304790.jpg,2738
304791.jpg,934
304792.jpg,2739
304793.jpg,271
304794.jpg,2740
304795.jpg,2741
304796.jpg,743
304797.jpg,1264
304798.jpg,228
304799.jpg,41
304800.jpg,2742
304801.jpg,871
304802.jpg,2743
304803.jpg,2744
304804.jpg,2745
304805.jpg,1363
304806.jpg,1691
304807.jpg,2746
304808.jpg,661
304809.jpg,1441
304810.jpg,3
304811.jpg,2747
304812.jpg,2748
304813.jpg,2749
304814.jpg,885
304815.jpg,2750
304816.jpg,1163
304817.jpg,662
304818.jpg,2751
304819.jpg,2752
304820.jpg,2753
304821.jpg,2754
304822.jpg,2755
304823.jpg,2756
304824.jpg,2757
304825.jpg,2758
304826.jpg,2366
304827.jpg,2759
304828.jpg,1309
304829.jpg,2760
304831.jpg,137
304832.jpg,1844
304833.jpg,1558
304834.jpg,2761
304835.jpg,2762
304836.jpg,2253
304837.jpg,2763
304838.jpg,2764
304839.jpg,2765
304840.jpg,162
304841.jpg,2345
304842.jpg,1511
304843.jpg,2766
304844.jpg,2767
304845.jpg,1385
304846.jpg,2185
304847.jpg,645
304848.jpg,228
304849.jpg,104
304850.jpg,1047
304851.jpg,1306
304852.jpg,2768
304853.jpg,2769
304854.jpg,2770
304855.jpg,2771
304856.jpg,2772
304857.jpg,781
304858.jpg,2773
304859.jpg,2774
304860.jpg,2775
304861.jpg,1804
304862.jpg,2776
304863.jpg,2777
304864.jpg,47
304865.jpg,2778
304866.jpg,2779
304867.jpg,2780
304868.jpg,2781
304869.jpg,2782
304870.jpg,1905
304871.jpg,104
304872.jpg,1641
304873.jpg,3
304874.jpg,383
304875.jpg,2783
304876.jpg,2478
304877.jpg,2784
304878.jpg,2785
304879.jpg,2786
304880.jpg,1796
304881.jpg,1493
304882.jpg,2787
304883.jpg,723
304884.jpg,2788
304885.jpg,2789
304886.jpg,2790
304888.jpg,2328
304889.jpg,2791
304890.jpg,1956
304891.jpg,2250
304892.jpg,2792
304893.jpg,3
304894.jpg,788
304895.jpg,1722
304896.jpg,154
304897.jpg,2793
304898.jpg,2794
304899.jpg,2795
304900.jpg,2796
304901.jpg,2797
304902.jpg,2798
304903.jpg,2799
304904.jpg,881
304905.jpg,2800
304906.jpg,1950
304907.jpg,2622
304908.jpg,140
304909.jpg,2801
304910.jpg,2802
304911.jpg,2714
304912.jpg,2803
304913.jpg,2804
304914.jpg,2805
304915.jpg,1234
304916.jpg,2806
304917.jpg,1514
304918.jpg,921
304919.jpg,2807
304920.jpg,2276
304921.jpg,1072
304922.jpg,2808
304923.jpg,2809
304924.jpg,2810
304925.jpg,1986
304926.jpg,2811
304927.jpg,2812
304928.jpg,2813
304929.jpg,2031
304930.jpg,2814
304931.jpg,2815
304932.jpg,2047
304933.jpg,2816
304934.jpg,2817
304935.jpg,2818
304936.jpg,2819
304937.jpg,2820
304938.jpg,41
304939.jpg,1469
304940.jpg,2821
304941.jpg,2822
304942.jpg,201
304943.jpg,327
304944.jpg,894
304945.jpg,2823
304946.jpg,41
304947.jpg,2642
304948.jpg,2824
304949.jpg,2825
304950.jpg,820
304951.jpg,2492
304952.jpg,2826
304953.jpg,2601
304954.jpg,2827
304955.jpg,2828
304956.jpg,2829
304957.jpg,2830
304958.jpg,1492
304959.jpg,701
304960.jpg,382
304961.jpg,2831
304962.jpg,2832
304963.jpg,629
304965.jpg,2833
304966.jpg,2834
304967.jpg,2835
304968.jpg,2836
304969.jpg,895
304970.jpg,47
304971.jpg,2137
304972.jpg,2837
304973.jpg,895
304974.jpg,2838
304975.jpg,464
304977.jpg,2839
304978.jpg,1632
304979.jpg,380
304980.jpg,2840
304981.jpg,1493
304982.jpg,2841
304983.jpg,2842
304985.jpg,298
304986.jpg,2843
304987.jpg,2844
304988.jpg,2845
304989.jpg,1029
304990.jpg,2846
304991.jpg,1673
304992.jpg,1153
304993.jpg,2847
304994.jpg,2848
304995.jpg,2292
304996.jpg,2849
304997.jpg,2811
304998.jpg,2850
304999.jpg,3
305000.jpg,3
305001.jpg,2807
305002.jpg,461
305003.jpg,3
305004.jpg,511
305005.jpg,1890
305006.jpg,1751
305007.jpg,2851
305008.jpg,2852
305009.jpg,1580
305010.jpg,2853
305011.jpg,2854
305012.jpg,1718
305013.jpg,2855
305014.jpg,2855
305015.jpg,2856
305016.jpg,2857
305017.jpg,2858
305018.jpg,546
305019.jpg,2859
305020.jpg,2860
305021.jpg,389
305022.jpg,2861
305023.jpg,2862
305024.jpg,2033
305025.jpg,2863
305026.jpg,1086
305027.jpg,1720
305028.jpg,366
305029.jpg,2864
305030.jpg,561
305031.jpg,2865
305032.jpg,2866
305033.jpg,2867
305034.jpg,2868
305035.jpg,2869
305036.jpg,2870
305037.jpg,2871
305038.jpg,848
305039.jpg,1392
305040.jpg,228
305041.jpg,2872
305042.jpg,2873
305043.jpg,2874
305044.jpg,2875
305045.jpg,2876
305046.jpg,778
305047.jpg,2877
305048.jpg,552
305049.jpg,2878
305050.jpg,1560
305051.jpg,2879
305052.jpg,2307
305053.jpg,182
305054.jpg,2880
305055.jpg,2881
305056.jpg,891
305057.jpg,2882
305059.jpg,36
305060.jpg,2883
305061.jpg,2884
305062.jpg,2224
305063.jpg,1470
305064.jpg,2885
305065.jpg,2886
305066.jpg,2887
305067.jpg,262
305068.jpg,2888
305069.jpg,1825
305070.jpg,629
305071.jpg,3
305072.jpg,41
305073.jpg,2889
305074.jpg,2890
305075.jpg,1051
305076.jpg,2891
305077.jpg,2892
305078.jpg,2893
305079.jpg,2894
305080.jpg,187
305081.jpg,2895
305082.jpg,2896
305083.jpg,2897
305084.jpg,2297
305085.jpg,2163
305086.jpg,2898
305087.jpg,2899
305088.jpg,2900
305089.jpg,33
305090.jpg,2060
305091.jpg,2901
305092.jpg,2902
305093.jpg,1648
305094.jpg,2903
305095.jpg,760
305096.jpg,2904
305097.jpg,2176
305098.jpg,228
305099.jpg,2905
305100.jpg,2906
305101.jpg,654
305102.jpg,2907
305103.jpg,2908
305104.jpg,2909
305105.jpg,2910
305106.jpg,2911
305107.jpg,2912
305108.jpg,2913
305109.jpg,2914
305110.jpg,2270
305111.jpg,2915
305112.jpg,3
305114.jpg,179
305115.jpg,2916
305116.jpg,2259
305117.jpg,387
305118.jpg,2702
305119.jpg,2917
305120.jpg,1357
305121.jpg,2918
305122.jpg,2919
305123.jpg,2920
305124.jpg,2921
305125.jpg,2922
305126.jpg,1737
305127.jpg,2923
305128.jpg,2924
305129.jpg,2925
305130.jpg,281
305131.jpg,3
305132.jpg,818
305133.jpg,2926
305134.jpg,2010
305135.jpg,2927
305136.jpg,2928
305137.jpg,2929
305138.jpg,2490
305140.jpg,2930
305141.jpg,659
305142.jpg,2931
305143.jpg,6
305144.jpg,2932
305145.jpg,2933
305146.jpg,2934
305147.jpg,2721
305148.jpg,1276
305149.jpg,1084
305150.jpg,2935
305151.jpg,2936
305152.jpg,654
305153.jpg,1942
305154.jpg,2937
305155.jpg,2938
305156.jpg,2939
305157.jpg,2940
305158.jpg,2941
305159.jpg,2899
305160.jpg,955
305161.jpg,1
305162.jpg,171
305163.jpg,1045
305164.jpg,2942
305165.jpg,2943
305166.jpg,2944
305167.jpg,1509
305168.jpg,2945
305169.jpg,2946
305170.jpg,2947
305171.jpg,2948
305172.jpg,2949
305173.jpg,2950
305174.jpg,2951
305175.jpg,2952
305176.jpg,3
305177.jpg,1002
305178.jpg,41
305179.jpg,2496
305180.jpg,2953
305181.jpg,2954
305182.jpg,2955
305183.jpg,95
305184.jpg,2603
305185.jpg,2956
305186.jpg,2120
305187.jpg,2957
305188.jpg,2958
305189.jpg,2959
305190.jpg,2960
305191.jpg,2961
305192.jpg,765
305193.jpg,2962
305194.jpg,2963
305195.jpg,2964
305196.jpg,104
305197.jpg,1957
305198.jpg,2965
305199.jpg,2641
305200.jpg,2461
305201.jpg,2966
305202.jpg,2967
305203.jpg,2697
305204.jpg,2968
305205.jpg,2969
305206.jpg,2970
305207.jpg,2971
305208.jpg,1956
305209.jpg,2972
305210.jpg,2973
305211.jpg,2974
305212.jpg,2975
305213.jpg,2077
305214.jpg,2976
305215.jpg,514
305216.jpg,2977
305217.jpg,2978
305218.jpg,2979
305219.jpg,334
305220.jpg,2878
305221.jpg,1975
305222.jpg,2980
305223.jpg,2981
305224.jpg,41
305225.jpg,799
305226.jpg,767
305227.jpg,2982
305228.jpg,2983
305229.jpg,1217
305230.jpg,2984
305231.jpg,202
305232.jpg,2985
305233.jpg,2986
305234.jpg,2987
305235.jpg,2988
305236.jpg,951
305237.jpg,2989
305238.jpg,477
305239.jpg,2990
305240.jpg,471
305241.jpg,900
305242.jpg,2991
305243.jpg,2211
305244.jpg,728
305246.jpg,2992
305247.jpg,2993
305248.jpg,2994
305249.jpg,2736
305250.jpg,3
305251.jpg,2995
305252.jpg,1194
305253.jpg,2996
305254.jpg,2997
305255.jpg,2998
305256.jpg,2999
305257.jpg,3000
305258.jpg,3001
305259.jpg,33
305260.jpg,3002
305261.jpg,3003
305262.jpg,3
305263.jpg,1146
305264.jpg,1737
305265.jpg,2628
305266.jpg,189
305267.jpg,3004
305268.jpg,3005
305269.jpg,3006
305270.jpg,3007
305271.jpg,2555
305272.jpg,972
305273.jpg,3008
305274.jpg,3009
305275.jpg,1183
305276.jpg,3010
305277.jpg,3011
305278.jpg,3012
305279.jpg,3013
305280.jpg,3014
305281.jpg,3015
305282.jpg,207
305283.jpg,3016
305284.jpg,41
305285.jpg,1225
305286.jpg,3017
305287.jpg,636
305288.jpg,3018
305289.jpg,3019
305290.jpg,464
305291.jpg,3020
305292.jpg,3021
305293.jpg,3022
305294.jpg,607
305295.jpg,1461
305296.jpg,3023
305297.jpg,3024
305298.jpg,548
305299.jpg,2877
305300.jpg,3025
305301.jpg,523
305302.jpg,2390
305303.jpg,3026
305304.jpg,3027
305306.jpg,3028
305307.jpg,3029
305308.jpg,3030
305309.jpg,3031
305310.jpg,236
305311.jpg,1803
305312.jpg,2584
305313.jpg,3032
305314.jpg,3033
305315.jpg,3034
305316.jpg,3035
305317.jpg,1083
305318.jpg,3036
305319.jpg,1410
305320.jpg,3037
305321.jpg,3038
305322.jpg,2368
305323.jpg,1230
305324.jpg,3039
305325.jpg,3040
305326.jpg,3041
305327.jpg,3042
305328.jpg,2191
305329.jpg,3043
305330.jpg,3044
305331.jpg,429
305332.jpg,2575
305333.jpg,3045
305334.jpg,3046
305335.jpg,874
305336.jpg,1907
305337.jpg,3047
305338.jpg,1850
305339.jpg,3048
305340.jpg,1605
305341.jpg,3049
305342.jpg,3050
305343.jpg,330
305344.jpg,2788
305345.jpg,1264
305346.jpg,1492
305347.jpg,2876
305348.jpg,3051
305349.jpg,271
305350.jpg,2069
305351.jpg,3052
305352.jpg,3053
305353.jpg,3054
305354.jpg,3055
305355.jpg,3056
305356.jpg,3057
305357.jpg,41
305358.jpg,3058
305359.jpg,3059
305360.jpg,3060
305361.jpg,2298
305362.jpg,3061
305363.jpg,3062
305364.jpg,3063
305365.jpg,3064
305366.jpg,3065
305367.jpg,3066
305368.jpg,3067
305369.jpg,3068
305370.jpg,3069
305371.jpg,3070
305372.jpg,3071
305373.jpg,508
305374.jpg,3072
305375.jpg,3073
305376.jpg,1775
305377.jpg,3074
305378.jpg,3075
305379.jpg,583
305380.jpg,3076
305381.jpg,583
305382.jpg,2250
305383.jpg,562
305384.jpg,3077
305385.jpg,3078
305386.jpg,3079
305387.jpg,2401
305388.jpg,3080
305389.jpg,709
305390.jpg,3081
305391.jpg,3082
305392.jpg,3083
305393.jpg,2008
305394.jpg,3084
305395.jpg,651
305396.jpg,3085
305397.jpg,41
305398.jpg,3086
305399.jpg,3087
305400.jpg,3088
305401.jpg,68
305402.jpg,3089
305403.jpg,3090
305404.jpg,3091
305405.jpg,3092
305406.jpg,1038
305407.jpg,1353
305408.jpg,3093
305409.jpg,724
305410.jpg,3094
305411.jpg,3095
305412.jpg,3096
305413.jpg,277
305414.jpg,3097
305415.jpg,895
305416.jpg,88
305417.jpg,3098
305418.jpg,326
305419.jpg,143
305420.jpg,259
305421.jpg,3099
305422.jpg,2639
305423.jpg,1149
305424.jpg,3100
305425.jpg,2986
305426.jpg,3101
305427.jpg,1907
305428.jpg,3102
305429.jpg,3103
305430.jpg,3104
305431.jpg,3105
305434.jpg,3106
305435.jpg,3107
305436.jpg,631
305437.jpg,3108
305438.jpg,3109
305439.jpg,3110
305440.jpg,2303
305441.jpg,3111
305442.jpg,3112
305443.jpg,3113
305444.jpg,3114
305445.jpg,3115
305446.jpg,976
305447.jpg,3116
305448.jpg,3117
305450.jpg,3118
305451.jpg,924
305453.jpg,1436
305454.jpg,3119
305455.jpg,3120
305456.jpg,3121
305457.jpg,1609
305458.jpg,3122
305459.jpg,3123
305460.jpg,3124
305461.jpg,3125
305462.jpg,3126
305463.jpg,1709
305464.jpg,3127
305465.jpg,1690
305466.jpg,3128
305467.jpg,3129
305468.jpg,182
305469.jpg,58
305470.jpg,3130
305471.jpg,3131
305472.jpg,3132
305473.jpg,3133
305474.jpg,3134
305475.jpg,882
305476.jpg,3135
305477.jpg,1751
305478.jpg,1825
305479.jpg,3136
305480.jpg,3137
305481.jpg,3138
305482.jpg,3139
305483.jpg,3140
305484.jpg,1737
305485.jpg,3
305486.jpg,2702
305487.jpg,1202
305489.jpg,3141
305490.jpg,100
305491.jpg,2395
305492.jpg,3142
305493.jpg,3143
305495.jpg,3144
305496.jpg,3145
305497.jpg,3146
305498.jpg,3147
305499.jpg,2278
305500.jpg,2700
305501.jpg,3148
305502.jpg,966
305503.jpg,3149
305504.jpg,3150
305505.jpg,3151
305506.jpg,3152
305507.jpg,1116
305508.jpg,3153
305509.jpg,3154
305510.jpg,608
305511.jpg,3155
305512.jpg,3156
305513.jpg,3157
305514.jpg,3158
305515.jpg,3159
305516.jpg,1254
305518.jpg,873
305519.jpg,258
305520.jpg,155
305521.jpg,2154
305522.jpg,460
305523.jpg,3160
305524.jpg,1106
305525.jpg,3161
305526.jpg,3162
305527.jpg,3163
305528.jpg,1900
305529.jpg,1666
305530.jpg,2418
305531.jpg,3164
305532.jpg,3
305533.jpg,3165
305534.jpg,3166
305535.jpg,3167
305536.jpg,1873
305537.jpg,3168
305538.jpg,2723
305539.jpg,3169
305540.jpg,3170
305541.jpg,3171
305542.jpg,3
305543.jpg,338
305544.jpg,3172
305545.jpg,1986
305546.jpg,3173
305547.jpg,2034
305548.jpg,1029
305549.jpg,433
305551.jpg,3174
305552.jpg,1827
305553.jpg,407
305554.jpg,3175
305555.jpg,3176
305556.jpg,3177
305557.jpg,2298
305558.jpg,3178
305559.jpg,2238
305560.jpg,576
305561.jpg,3179
305562.jpg,2068
305564.jpg,3180
305565.jpg,3181
305566.jpg,3182
305567.jpg,3183
305568.jpg,723
305569.jpg,3184
305570.jpg,41
305571.jpg,3185
305572.jpg,3186
305573.jpg,3187
305574.jpg,1619
305575.jpg,41
305576.jpg,3
305577.jpg,3188
305578.jpg,3189
305579.jpg,3190
305580.jpg,251
305581.jpg,2802
305582.jpg,3191
305583.jpg,2427
305584.jpg,2283
305585.jpg,3192
305586.jpg,3193
305587.jpg,3194
305588.jpg,3195
305589.jpg,2824
305590.jpg,673
305591.jpg,3196
305592.jpg,3009
305593.jpg,3197
305594.jpg,3198
305595.jpg,3199
305596.jpg,3200
305597.jpg,3201
305598.jpg,1272
305599.jpg,3202
305600.jpg,3203
305601.jpg,3204
305602.jpg,185
305603.jpg,3205
305604.jpg,3206
305605.jpg,1770
305606.jpg,3207
305607.jpg,3208
305608.jpg,2397
305609.jpg,33
305610.jpg,3209
305611.jpg,3210
305612.jpg,741
305613.jpg,393
305614.jpg,3211
305615.jpg,382
305616.jpg,3212
305617.jpg,3141
305618.jpg,3213
305619.jpg,2966
305620.jpg,2021
305621.jpg,1679
305622.jpg,3214
305623.jpg,3215
305624.jpg,3216
305625.jpg,529
305626.jpg,3217
305627.jpg,3218
305628.jpg,3219
305629.jpg,3220
305630.jpg,3221
305631.jpg,3222
305632.jpg,129
305633.jpg,3223
305634.jpg,3224
305635.jpg,1273
305636.jpg,3225
305637.jpg,330
305638.jpg,1572
305639.jpg,3226
305640.jpg,700
305641.jpg,3227
305642.jpg,3228
305643.jpg,746
305644.jpg,1536
305645.jpg,3229
305646.jpg,3230
305647.jpg,2836
305648.jpg,1618
305649.jpg,552
305650.jpg,3231
305651.jpg,2971
305652.jpg,381
305653.jpg,3232
305654.jpg,3233
305655.jpg,3234
305656.jpg,3235
305657.jpg,3236
305658.jpg,897
305659.jpg,3237
305660.jpg,3238
305661.jpg,1105
305662.jpg,2047
305663.jpg,3239
305664.jpg,3240
305665.jpg,820
305666.jpg,817
305667.jpg,3241
305668.jpg,3242
305669.jpg,2476
305670.jpg,3243
305671.jpg,3244
305672.jpg,3245
305673.jpg,3246
305674.jpg,2081
305675.jpg,3247
305676.jpg,3248
305677.jpg,3249
305678.jpg,3250
305679.jpg,3251
305680.jpg,3252
305681.jpg,3
305682.jpg,3253
305683.jpg,1244
305684.jpg,3254
305685.jpg,1723
305686.jpg,228
305687.jpg,587
305688.jpg,3255
305689.jpg,3256
305690.jpg,3257
305691.jpg,3258
305692.jpg,1825
305693.jpg,2345
305694.jpg,3259
305695.jpg,1336
305696.jpg,2546
305697.jpg,3260
305698.jpg,654
305699.jpg,3261
305700.jpg,3262
305701.jpg,3263
305702.jpg,336
305703.jpg,408
305704.jpg,3264
305705.jpg,3265
305706.jpg,3266
305707.jpg,712
305708.jpg,3267
305709.jpg,3268
305710.jpg,1040
305711.jpg,1910
305712.jpg,364
305713.jpg,3269
305714.jpg,3270
305716.jpg,3271
305717.jpg,3272
305718.jpg,3273
305719.jpg,1649
305720.jpg,3274
305721.jpg,3275
305722.jpg,3276
305723.jpg,152
305724.jpg,3277
305725.jpg,3278
305726.jpg,2068
305727.jpg,221
305728.jpg,1073
305729.jpg,2660
305730.jpg,3
305731.jpg,2986
305732.jpg,3279
305733.jpg,3280
305734.jpg,2208
305735.jpg,55
305736.jpg,3260
305737.jpg,3281
305738.jpg,3282
305739.jpg,3283
305740.jpg,498
305741.jpg,1649
305742.jpg,3177
305743.jpg,3284
305744.jpg,338
305745.jpg,1824
305746.jpg,2144
305747.jpg,1825
305748.jpg,3285
305749.jpg,3286
305750.jpg,3287
305751.jpg,2587
305752.jpg,3288
305753.jpg,1165
305754.jpg,3289
305755.jpg,1091
305756.jpg,2601
305757.jpg,87
305759.jpg,3290
305760.jpg,3291
305761.jpg,2163
305762.jpg,41
305763.jpg,2048
305764.jpg,3292
305765.jpg,3293
305766.jpg,896
305767.jpg,41
305768.jpg,3294
305769.jpg,247
305770.jpg,3295
305771.jpg,3038
305772.jpg,3296
305773.jpg,2478
305774.jpg,228
305775.jpg,1636
305776.jpg,3297
305777.jpg,3298
305778.jpg,1194
305779.jpg,3299
305780.jpg,1639
305781.jpg,3300
305782.jpg,356
305783.jpg,2438
305784.jpg,1892
305785.jpg,3301
305786.jpg,672
305787.jpg,2227
305788.jpg,327
305789.jpg,3302
305790.jpg,3303
305791.jpg,1597
305792.jpg,560
305793.jpg,3304
305794.jpg,3305
305795.jpg,3306
305796.jpg,3307
305797.jpg,3308
305798.jpg,1528
305799.jpg,1029
305800.jpg,2663
305801.jpg,1308
305802.jpg,3309
305803.jpg,1486
305804.jpg,667
305805.jpg,692
305806.jpg,1432
305807.jpg,3310
305808.jpg,3
305809.jpg,3311
305810.jpg,3312
305811.jpg,724
305812.jpg,3313
305813.jpg,3314
305814.jpg,3315
305815.jpg,806
305816.jpg,3316
305817.jpg,3317
305818.jpg,3318
305819.jpg,33
305820.jpg,3319
305821.jpg,3320
305822.jpg,3321
305823.jpg,139
305824.jpg,3322
305825.jpg,3323
305826.jpg,3324
305827.jpg,3325
305828.jpg,3326
305829.jpg,41
305830.jpg,3327
305831.jpg,497
305832.jpg,1810
305833.jpg,3
305834.jpg,99
305835.jpg,1389
305836.jpg,3328
305837.jpg,3329
305838.jpg,3330
305839.jpg,876
305840.jpg,3331
305841.jpg,3332
305842.jpg,129
305843.jpg,3333
305844.jpg,396
305845.jpg,3334
305846.jpg,2585
305847.jpg,427
305848.jpg,3335
305849.jpg,652
305850.jpg,3336
305851.jpg,3337
305852.jpg,1304
305853.jpg,1767
305854.jpg,3338
305855.jpg,2435
305856.jpg,3339
305857.jpg,459
305858.jpg,498
305859.jpg,3340
305860.jpg,3138
305861.jpg,2734
305862.jpg,3341
305863.jpg,3342
305864.jpg,3343
305865.jpg,3344
305866.jpg,3345
305867.jpg,3346
305868.jpg,1121
305869.jpg,1078
305870.jpg,3347
305871.jpg,3348
305872.jpg,3349
305873.jpg,3350
305874.jpg,3351
305875.jpg,3352
305876.jpg,3353
305877.jpg,3354
305878.jpg,3355
305879.jpg,3356
305880.jpg,724
305881.jpg,3357
305882.jpg,3358
305883.jpg,3359
305884.jpg,3360
305885.jpg,3361
305886.jpg,3362
305887.jpg,3363
305888.jpg,3364
305889.jpg,3365
305890.jpg,3366
305891.jpg,3367
305892.jpg,3368
305893.jpg,3369
305894.jpg,3370
305895.jpg,3371
305896.jpg,3372
305897.jpg,3347
305898.jpg,41
305899.jpg,33
305900.jpg,3373
305901.jpg,3374
305902.jpg,3375
305903.jpg,3376
305904.jpg,3377
305905.jpg,3378
305906.jpg,3379
305907.jpg,3380
305908.jpg,3381
305909.jpg,3382
305910.jpg,3383
305911.jpg,3384
305912.jpg,3385
305913.jpg,3386
305914.jpg,3387
305915.jpg,3388
305916.jpg,3389
305917.jpg,3390
305918.jpg,3391
305919.jpg,3392
305920.jpg,3382
305921.jpg,3393
305922.jpg,3394
305923.jpg,3395
305924.jpg,3396
305925.jpg,3397
305926.jpg,3398
305927.jpg,3399
305928.jpg,3400
305929.jpg,3401
305930.jpg,3402
305931.jpg,3403
305932.jpg,3404
305933.jpg,3405
305934.jpg,3406
305935.jpg,3407
305936.jpg,3408
305937.jpg,3409
305938.jpg,258
305939.jpg,3410
305940.jpg,3411
305941.jpg,33
305942.jpg,3412
305943.jpg,3413
305944.jpg,3414
305945.jpg,3415
305946.jpg,3416
305947.jpg,3374
305948.jpg,3417
305949.jpg,3418
305950.jpg,3419
305951.jpg,3420
305952.jpg,3421
305953.jpg,3422
305954.jpg,3423
305955.jpg,3424
305956.jpg,3425
305957.jpg,3426
305958.jpg,3427
305959.jpg,3428
305960.jpg,3429
305961.jpg,41
305962.jpg,3430
305963.jpg,3431
305964.jpg,41
305965.jpg,3425
305966.jpg,3432
305967.jpg,3433
305968.jpg,3434
305969.jpg,3435
305970.jpg,3436
305971.jpg,3437
305972.jpg,3438
305973.jpg,3439
305974.jpg,41
305975.jpg,3440
305976.jpg,3441
305977.jpg,3442
305978.jpg,1573
305979.jpg,3443
305980.jpg,3444
305981.jpg,3445
305982.jpg,3446
305983.jpg,3447
305984.jpg,3448
305985.jpg,3449
305986.jpg,3450
305987.jpg,3451
305988.jpg,3452
305989.jpg,3453
305990.jpg,3454
305991.jpg,3455
305992.jpg,3456
305993.jpg,3457
305994.jpg,3458
305995.jpg,3433
305996.jpg,3459
305997.jpg,3460
305998.jpg,3461
305999.jpg,3462
306000.jpg,3463
306001.jpg,3464
306002.jpg,3465
306003.jpg,3356
306004.jpg,3466
306005.jpg,3387
306006.jpg,3467
306007.jpg,3468
306008.jpg,3469
306009.jpg,3470
306010.jpg,3447
306011.jpg,33
306012.jpg,3471
306013.jpg,3472
306014.jpg,3473
306015.jpg,3393
306016.jpg,3474
306017.jpg,3475
306018.jpg,3476
306019.jpg,3477
306020.jpg,3478
306021.jpg,724
306022.jpg,3479
306023.jpg,3480
306024.jpg,3481
306025.jpg,3482
306026.jpg,3483
306027.jpg,3484
306028.jpg,3485
306029.jpg,3486
306030.jpg,3487
306031.jpg,3488
306032.jpg,3489
306033.jpg,3399
306034.jpg,3379
306035.jpg,3490
306036.jpg,3491
306037.jpg,3492
306038.jpg,3493
306039.jpg,3494
306040.jpg,3495
306041.jpg,3402
306042.jpg,3496
306043.jpg,3497
306044.jpg,3391
306045.jpg,3360
306046.jpg,3363
306047.jpg,1194
306048.jpg,3433
306049.jpg,3498
306050.jpg,3499
306051.jpg,3500
306052.jpg,3501
306053.jpg,3502
306054.jpg,3503
306055.jpg,3504
306056.jpg,3505
306057.jpg,3506
306058.jpg,3507
306059.jpg,3508
306060.jpg,3509
306061.jpg,3510
306062.jpg,3511
306063.jpg,3512
306064.jpg,3513
306065.jpg,3514
306066.jpg,3515
306067.jpg,3462
306068.jpg,3516
306069.jpg,3517
306070.jpg,3431
306071.jpg,3496
306072.jpg,3518
306073.jpg,3446
306074.jpg,3519
306075.jpg,3520
306076.jpg,3521
306077.jpg,629
306078.jpg,3522
306079.jpg,3352
306080.jpg,3425
306081.jpg,3523
306082.jpg,3524
306083.jpg,3525
306084.jpg,3526
306085.jpg,3527
306086.jpg,3362
306087.jpg,3528
306088.jpg,3399
306089.jpg,3382
306090.jpg,3435
306091.jpg,3529
306092.jpg,3530
306093.jpg,3484
306094.jpg,3531
306095.jpg,3532
306096.jpg,3533
306097.jpg,3534
306098.jpg,3355
306099.jpg,3372
306100.jpg,3535
306101.jpg,3536
306102.jpg,3537
306103.jpg,3538
306104.jpg,3426
306105.jpg,3539
306106.jpg,3540
306107.jpg,3541
306108.jpg,3542
306109.jpg,3543
306110.jpg,3544
306111.jpg,3545
306112.jpg,3546
306113.jpg,3547
306114.jpg,3390
306115.jpg,3548
306116.jpg,3461
306117.jpg,3549
306118.jpg,3550
306119.jpg,3551
306120.jpg,497
306121.jpg,3552
306122.jpg,3553
306123.jpg,3530
306124.jpg,3420
306125.jpg,3534
306126.jpg,3554
306127.jpg,41
306128.jpg,3364
306129.jpg,3502
306130.jpg,3395
306131.jpg,3555
306132.jpg,3556
306133.jpg,3557
306134.jpg,3558
306135.jpg,3559
306137.jpg,3349
306138.jpg,3460
306139.jpg,3560
306140.jpg,1737
306141.jpg,3561
306142.jpg,3473
306143.jpg,3460
306144.jpg,3562
306145.jpg,3563
306146.jpg,3564
306147.jpg,3390
306148.jpg,3458
306149.jpg,3565
306150.jpg,3474
306151.jpg,3566
306152.jpg,3519
306153.jpg,3567
306154.jpg,3568
306155.jpg,3569
306156.jpg,1573
306157.jpg,3570
306158.jpg,3571
306159.jpg,3572
306160.jpg,3573
306161.jpg,3574
306162.jpg,3479
306163.jpg,3575
306164.jpg,3576
306165.jpg,3577
306166.jpg,3373
306167.jpg,3522
306168.jpg,3559
306169.jpg,3578
306170.jpg,3409
306171.jpg,3579
306172.jpg,3580
306173.jpg,3581
306174.jpg,3445
306175.jpg,3582
306176.jpg,3583
306177.jpg,3558
306178.jpg,1194
306179.jpg,3584
306180.jpg,3544
306181.jpg,3585
306182.jpg,3374
306183.jpg,3586
306184.jpg,3528
306185.jpg,3587
306186.jpg,3588
306187.jpg,3573
306188.jpg,3589
306189.jpg,3590
306190.jpg,3445
306191.jpg,3553
306192.jpg,1776
306193.jpg,3591
306194.jpg,3592
306195.jpg,3593
306196.jpg,3594
306197.jpg,3442
306198.jpg,3511
306199.jpg,3575
306200.jpg,3537
306201.jpg,3595
306202.jpg,3426
306203.jpg,3550
306204.jpg,3463
306205.jpg,3596
306206.jpg,3597
306207.jpg,3598
306208.jpg,3599
306209.jpg,3600
306210.jpg,3601
306211.jpg,3404
306212.jpg,3544
306213.jpg,3471
306214.jpg,3602
306215.jpg,3428
306216.jpg,3603
306217.jpg,3391
306218.jpg,3604
306219.jpg,3605
306220.jpg,228
306221.jpg,3606
306222.jpg,3607
306223.jpg,3608
306224.jpg,3529
306225.jpg,3482
306226.jpg,3609
306227.jpg,3610
306228.jpg,3611
306229.jpg,3612
306230.jpg,3350
306231.jpg,3613
306232.jpg,3614
306233.jpg,3612
306234.jpg,654
306235.jpg,3615
306236.jpg,3616
306237.jpg,3617
306238.jpg,3443
306239.jpg,3618
306240.jpg,3619
306241.jpg,3460
306242.jpg,3593
306243.jpg,3620
306244.jpg,3621
306245.jpg,3622
306246.jpg,3623
306247.jpg,3624
306248.jpg,3625
306249.jpg,3349
306250.jpg,3626
306251.jpg,3623
306252.jpg,3627
306253.jpg,3628
306254.jpg,3629
306255.jpg,3414
306256.jpg,3630
306257.jpg,3631
306258.jpg,3628
306259.jpg,3632
306260.jpg,3633
306261.jpg,3634
306262.jpg,3539
306263.jpg,3582
306264.jpg,3635
306265.jpg,3636
306266.jpg,3637
306267.jpg,3638
306268.jpg,3639
306269.jpg,3640
306270.jpg,3595
306271.jpg,3641
306272.jpg,3456
306273.jpg,3462
306274.jpg,3642
306275.jpg,3495
306276.jpg,3643
306277.jpg,3644
306278.jpg,41
306279.jpg,3556
306280.jpg,3597
306281.jpg,3494
306282.jpg,3645
306283.jpg,3646
306284.jpg,3647
306285.jpg,3648
306286.jpg,3649
306287.jpg,3451
306288.jpg,3650
306289.jpg,3651
306290.jpg,3652
306291.jpg,3653
306292.jpg,1776
306293.jpg,3491
306294.jpg,3458
306295.jpg,3493
306296.jpg,3654
306297.jpg,3655
306298.jpg,3570
306299.jpg,3457
306300.jpg,3656
306301.jpg,3509
306302.jpg,3657
306303.jpg,3658
306304.jpg,536
306305.jpg,3455
306306.jpg,3659
306307.jpg,3549
306308.jpg,3466
306309.jpg,3660
306310.jpg,3448
306311.jpg,3661
306312.jpg,3662
306313.jpg,3620
306314.jpg,3611
306315.jpg,3663
306316.jpg,3664
306317.jpg,3665
306318.jpg,3666
306320.jpg,3667
306321.jpg,3668
306322.jpg,3537
306323.jpg,3481
306324.jpg,41
306325.jpg,3444
306326.jpg,3669
306327.jpg,3670
306328.jpg,3671
306329.jpg,3542
306330.jpg,3627
306332.jpg,3672
306333.jpg,3382
306334.jpg,3673
306335.jpg,3674
306336.jpg,3675
306337.jpg,3676
306338.jpg,3565
306339.jpg,3677
306340.jpg,3678
306341.jpg,3444
306342.jpg,3416
306343.jpg,3679
306344.jpg,3680
306345.jpg,3681
306346.jpg,3682
306347.jpg,3683
306348.jpg,3684
306349.jpg,3558
306350.jpg,3616
306351.jpg,3663
306352.jpg,3685
306353.jpg,3549
306354.jpg,3661
306355.jpg,3686
306356.jpg,3624
306357.jpg,3480
306358.jpg,3660
306359.jpg,3598
306360.jpg,3687
306361.jpg,3512
306362.jpg,3509
306363.jpg,3688
306364.jpg,3512
306365.jpg,3576
306366.jpg,3492
306367.jpg,3689
306368.jpg,3690
306369.jpg,3691
306370.jpg,3692
306371.jpg,3621
306372.jpg,3693
306373.jpg,3455
306374.jpg,3694
306375.jpg,3688
306376.jpg,3695
306377.jpg,3696
306378.jpg,3697
306379.jpg,3698
306380.jpg,3699
306381.jpg,3688
306382.jpg,3639
306383.jpg,3466
306384.jpg,3700
306385.jpg,3439
306386.jpg,3701
306387.jpg,41
306388.jpg,3702
306389.jpg,3488
306390.jpg,3418
306391.jpg,1737
306392.jpg,3695
306393.jpg,3703
306394.jpg,3704
306395.jpg,724
306396.jpg,3677
306397.jpg,3705
306398.jpg,3706
306399.jpg,3707
306400.jpg,3708
306401.jpg,3709
306402.jpg,3421
306403.jpg,3710
306404.jpg,3530
306405.jpg,3711
306406.jpg,3712
306407.jpg,3713
306408.jpg,3714
306409.jpg,3680
306410.jpg,3715
306411.jpg,3477
306412.jpg,3550
306413.jpg,3716
306414.jpg,3606
306415.jpg,3618
306416.jpg,3351
306417.jpg,3495
306418.jpg,41
306419.jpg,3514
306420.jpg,3717
306421.jpg,3468
306422.jpg,3471
306423.jpg,3632
306424.jpg,3415
306425.jpg,3718
306426.jpg,3719
306427.jpg,3720
306428.jpg,3721
306429.jpg,3619
306430.jpg,3492
306431.jpg,3722
306432.jpg,3723
306433.jpg,3557
306434.jpg,3724
306435.jpg,3725
306436.jpg,3533
306437.jpg,756
306438.jpg,3460
306439.jpg,3685
306440.jpg,3676
306441.jpg,3726
306442.jpg,3357
306443.jpg,3727
306444.jpg,3472
306445.jpg,3396
306447.jpg,3468
306448.jpg,3594
306449.jpg,3520
306450.jpg,3647
306451.jpg,3728
306452.jpg,3122
306453.jpg,3729
306454.jpg,3509
306455.jpg,3730
306456.jpg,3639
306457.jpg,3731
306458.jpg,3577
306459.jpg,3616
306460.jpg,3732
306461.jpg,3469
306462.jpg,3733
306463.jpg,3564
306464.jpg,3382
306465.jpg,3734
306466.jpg,3735
306467.jpg,3457
306468.jpg,3736
306469.jpg,3451
306470.jpg,3737
306471.jpg,3738
306472.jpg,3524
306473.jpg,3739
306474.jpg,3403
306475.jpg,3740
306476.jpg,3741
306477.jpg,3488
306478.jpg,3661
306479.jpg,3375
306480.jpg,3557
306481.jpg,3742
306482.jpg,3743
306483.jpg,3672
306484.jpg,3744
306485.jpg,3430
306486.jpg,3523
306487.jpg,3525
306488.jpg,3559
306489.jpg,3745
306490.jpg,3698
306491.jpg,724
306492.jpg,3746
306493.jpg,3623
306494.jpg,3747
306495.jpg,3735
306496.jpg,3504
306497.jpg,1737
306498.jpg,3748
306499.jpg,3749
306500.jpg,3435
306501.jpg,3447
306502.jpg,3380
306503.jpg,3750
306504.jpg,3373
306505.jpg,3751
306507.jpg,3752
306508.jpg,3753
306509.jpg,3411
306510.jpg,3411
306511.jpg,3754
306512.jpg,3755
306513.jpg,3662
306514.jpg,3756
306515.jpg,3631
306516.jpg,3757
306517.jpg,3758
306518.jpg,3675
306519.jpg,3759
306520.jpg,3608
306521.jpg,3760
306522.jpg,3761
306523.jpg,3762
306524.jpg,3122
306525.jpg,3763
306526.jpg,3764
306527.jpg,3765
306528.jpg,3766
306529.jpg,3692
306530.jpg,3767
306531.jpg,3605
306532.jpg,3601
306533.jpg,3768
306534.jpg,3769
306535.jpg,3770
306536.jpg,3735
306537.jpg,3548
306538.jpg,3771
306539.jpg,3772
306540.jpg,3506
306541.jpg,3351
306542.jpg,3
306543.jpg,3773
306544.jpg,3774
306545.jpg,3775
306546.jpg,3776
306547.jpg,3777
306548.jpg,3732
306549.jpg,3427
306550.jpg,3778
306551.jpg,3626
306552.jpg,3720
306553.jpg,3779
306554.jpg,3684
306555.jpg,3539
306556.jpg,3780
306557.jpg,3781
306558.jpg,3760
306559.jpg,3387
306560.jpg,3394
306561.jpg,3629
306562.jpg,3592
306563.jpg,3624
306564.jpg,3782
306565.jpg,3593
306566.jpg,3783
306567.jpg,3784
306568.jpg,3739
306569.jpg,3785
306570.jpg,3786
306571.jpg,3787
306572.jpg,3788
306573.jpg,3442
306574.jpg,3416
306575.jpg,3789
306576.jpg,3790
306577.jpg,3791
306578.jpg,3478
306579.jpg,3792
306580.jpg,3793
306581.jpg,3794
306582.jpg,3615
306583.jpg,3461
306584.jpg,3658
306585.jpg,3795
306586.jpg,3796
306587.jpg,3719
306588.jpg,3773
306589.jpg,3797
306590.jpg,3590
306591.jpg,3724
306592.jpg,3798
306593.jpg,3749
306594.jpg,3799
306595.jpg,3800
306596.jpg,3772
306597.jpg,3675
306598.jpg,3615
306599.jpg,3801
306600.jpg,3439
306601.jpg,3629
306602.jpg,3802
306603.jpg,3417
306604.jpg,3590
306605.jpg,3364
306606.jpg,3650
306607.jpg,3803
306608.jpg,3509
306609.jpg,3804
306610.jpg,3805
306611.jpg,3806
306612.jpg,3807
306613.jpg,3463
306614.jpg,3699
306615.jpg,3808
306616.jpg,3809
306617.jpg,3810
306618.jpg,3811
306619.jpg,3812
306620.jpg,3611
306621.jpg,3813
306622.jpg,41
306623.jpg,3625
306624.jpg,33
306625.jpg,3814
306626.jpg,3815
306627.jpg,3548
306628.jpg,3691
306629.jpg,3736
306630.jpg,3522
306631.jpg,3
306632.jpg,3747
306633.jpg,3473
306634.jpg,3589
306635.jpg,3595
306636.jpg,3695
306637.jpg,3816
306638.jpg,3817
306639.jpg,3592
306640.jpg,3414
306641.jpg,3815
306642.jpg,3386
306643.jpg,3415
306644.jpg,3818
306645.jpg,3698
306646.jpg,3782
306647.jpg,3555
306648.jpg,3819
306649.jpg,3805
306650.jpg,3477
306651.jpg,3770
306652.jpg,1737
306653.jpg,3652
306654.jpg,41
306655.jpg,1737
306656.jpg,3820
306657.jpg,3821
306658.jpg,3822
306659.jpg,3386
306660.jpg,3823
306661.jpg,3772
306662.jpg,3824
306663.jpg,3825
306664.jpg,3475
306665.jpg,3826
306666.jpg,3827
306667.jpg,3828
306668.jpg,3563
306669.jpg,3531
306670.jpg,3680
306671.jpg,3667
306672.jpg,3829
306673.jpg,3825
306674.jpg,3517
306675.jpg,3685
306676.jpg,3773
306677.jpg,3506
306678.jpg,3
306679.jpg,3830
306680.jpg,3575
306681.jpg,3831
306682.jpg,3356
306683.jpg,3832
306684.jpg,3575
306685.jpg,3833
306686.jpg,3834
306687.jpg,3724
306688.jpg,3835
306689.jpg,3630
306690.jpg,3440
306691.jpg,3783
306692.jpg,3437
306693.jpg,497
306694.jpg,3729
306695.jpg,3836
306696.jpg,3496
306697.jpg,3653
306698.jpg,3691
306699.jpg,3837
306700.jpg,3672
306701.jpg,3838
306702.jpg,3556
306703.jpg,3839
306704.jpg,3840
306705.jpg,3841
306706.jpg,3711
306707.jpg,41
306708.jpg,3580
306709.jpg,3842
306710.jpg,3707
306711.jpg,1029
306712.jpg,3413
306713.jpg,3654
306714.jpg,3843
306715.jpg,3737
306716.jpg,1573
306717.jpg,3480
306718.jpg,3844
306719.jpg,3442
306720.jpg,3845
306721.jpg,3732
306722.jpg,2694
306723.jpg,3846
306724.jpg,3847
306725.jpg,3540
306726.jpg,3848
306727.jpg,1737
306728.jpg,3849
306729.jpg,3671
306730.jpg,41
306731.jpg,3534
306732.jpg,3443
306733.jpg,3740
306734.jpg,3441
306735.jpg,3370
306736.jpg,3850
306737.jpg,3668
306738.jpg,3621
306739.jpg,3658
306740.jpg,3851
306741.jpg,3668
306742.jpg,3852
306743.jpg,3853
306744.jpg,3699
306745.jpg,3805
306746.jpg,3475
306747.jpg,41
306748.jpg,3854
306749.jpg,3855
306750.jpg,3723
306751.jpg,3578
306752.jpg,1194
306753.jpg,3412
306754.jpg,724
306755.jpg,3770
306756.jpg,3393
306757.jpg,3856
306758.jpg,756
306759.jpg,3848
306760.jpg,3646
306761.jpg,3553
306762.jpg,3857
306763.jpg,3858
306764.jpg,3409
306765.jpg,3762
306766.jpg,3500
306767.jpg,3574
306768.jpg,3859
306769.jpg,3860
306770.jpg,3815
306771.jpg,3578
306772.jpg,3499
306773.jpg,3861
306774.jpg,41
306775.jpg,3565
306776.jpg,3441
306777.jpg,3612
306778.jpg,3482
306779.jpg,3641
306780.jpg,3682
306781.jpg,3575
306782.jpg,536
306783.jpg,3862
306784.jpg,3382
306785.jpg,3863
306786.jpg,3347
306787.jpg,3864
306788.jpg,3726
306789.jpg,3865
306790.jpg,3757
306791.jpg,3768
306792.jpg,3745
306793.jpg,3628
306794.jpg,3866
306795.jpg,3867
306796.jpg,3868
306797.jpg,41
306798.jpg,3869
306799.jpg,3461
306800.jpg,3870
306801.jpg,3871
306802.jpg,1776
306803.jpg,3570
306804.jpg,3514
306805.jpg,3775
306806.jpg,3872
306807.jpg,3873
306808.jpg,3502
306809.jpg,3836
306810.jpg,3874
306811.jpg,3875
306812.jpg,3876
306813.jpg,3382
306814.jpg,3525
306815.jpg,3779
306816.jpg,3734
306817.jpg,3660
306818.jpg,3442
306819.jpg,497
306820.jpg,3877
306821.jpg,3354
306822.jpg,3574
306823.jpg,3563
306824.jpg,3380
306825.jpg,3653
306826.jpg,3878
306827.jpg,3879
306828.jpg,3740
306829.jpg,3880
306830.jpg,3532
306831.jpg,536
306832.jpg,3881
306833.jpg,3516
306834.jpg,3529
306835.jpg,3671
306836.jpg,3747
306837.jpg,3825
306838.jpg,3882
306839.jpg,3739
306840.jpg,3706
306841.jpg,3489
306842.jpg,3883
306843.jpg,3561
306844.jpg,3884
306845.jpg,3605
306846.jpg,3560
306847.jpg,3365
306848.jpg,3564
306849.jpg,3726
306850.jpg,3885
306851.jpg,3352
306852.jpg,3446
306853.jpg,3790
306854.jpg,3478
306855.jpg,3874
306856.jpg,3449
306857.jpg,1029
306858.jpg,3420
306859.jpg,3851
306860.jpg,3372
306861.jpg,3382
306862.jpg,3886
306863.jpg,3494
306864.jpg,3736
306865.jpg,3403
306866.jpg,3412
306867.jpg,3577
306868.jpg,3392
306869.jpg,3887
306870.jpg,3888
306871.jpg,3370
306872.jpg,3604
306873.jpg,3650
306874.jpg,3375
306875.jpg,3474
306876.jpg,3627
306877.jpg,3378
306878.jpg,3350
306879.jpg,3516
306880.jpg,3618
306881.jpg,3491
306882.jpg,3583
306883.jpg,3777
306884.jpg,3807
306885.jpg,3782
306886.jpg,3859
306887.jpg,3606
306888.jpg,3760
306889.jpg,3889
306890.jpg,3520
306891.jpg,3890
306892.jpg,3686
306893.jpg,3442
306894.jpg,3764
306895.jpg,3891
306896.jpg,3418
306897.jpg,536
306898.jpg,3727
306899.jpg,3617
306900.jpg,756
306901.jpg,3836
306902.jpg,3459
306903.jpg,654
306904.jpg,3892
306905.jpg,3893
306906.jpg,3894
306907.jpg,3895
306908.jpg,3536
306909.jpg,3896
306910.jpg,3652
306911.jpg,3727
306912.jpg,228
306913.jpg,3367
306914.jpg,3504
306915.jpg,3472
306916.jpg,3883
306917.jpg,3551
306918.jpg,3396
306919.jpg,3897
306920.jpg,3363
306921.jpg,3665
306922.jpg,41
306923.jpg,3889
306924.jpg,3898
306925.jpg,3848
306926.jpg,3664
306927.jpg,3793
306928.jpg,3428
306929.jpg,3493
306930.jpg,3586
306931.jpg,3757
306932.jpg,3791
306933.jpg,3580
306934.jpg,3500
306935.jpg,3899
306936.jpg,3604
306937.jpg,3900
306938.jpg,3901
306939.jpg,3567
306940.jpg,3354
306941.jpg,3902
306942.jpg,3903
306943.jpg,3413
306944.jpg,3469
306945.jpg,3362
306946.jpg,3632
306947.jpg,3904
306948.jpg,3449
306949.jpg,3487
306950.jpg,3793
306951.jpg,3905
306952.jpg,3440
306953.jpg,3360
306954.jpg,3906
306955.jpg,3907
306956.jpg,2009
306957.jpg,3697
306958.jpg,3908
306959.jpg,3909
306960.jpg,3753
306961.jpg,3576
306962.jpg,3371
306963.jpg,3404
306964.jpg,3702
306965.jpg,3460
306966.jpg,3664
306967.jpg,724
306968.jpg,3910
306969.jpg,3911
306970.jpg,3912
306971.jpg,3540
306972.jpg,629
306973.jpg,3663
306974.jpg,3877
306975.jpg,3801
306976.jpg,3617
306977.jpg,3913
306978.jpg,3914
306979.jpg,1029
306980.jpg,3883
306981.jpg,3702
306982.jpg,3857
306983.jpg,3915
306984.jpg,41
306985.jpg,3528
306986.jpg,3586
306987.jpg,3916
306988.jpg,3430
306989.jpg,3665
306990.jpg,3382
306991.jpg,3532
306992.jpg,3890
306993.jpg,3378
306994.jpg,3544
306995.jpg,3753
306996.jpg,3481
306997.jpg,3626
306998.jpg,33
306999.jpg,3596
307000.jpg,3423
307001.jpg,3917
307002.jpg,3729
307003.jpg,3779
307004.jpg,3918
307005.jpg,3503
307006.jpg,3601
307007.jpg,3810
307008.jpg,3764
307009.jpg,3568
307010.jpg,3379
307011.jpg,3459
307012.jpg,3575
307013.jpg,3851
307014.jpg,3783
307015.jpg,3786
307016.jpg,3437
307017.jpg,3461
307018.jpg,3868
307019.jpg,3919
307020.jpg,3692
307021.jpg,3456
307022.jpg,3920
307023.jpg,3358
307024.jpg,3921
307025.jpg,3885
307026.jpg,3922
307027.jpg,3461
307028.jpg,3923
307029.jpg,3924
307030.jpg,3551
