image,none,infection,ischaemia,both
401000.jpg,1,0,0,0
401001.jpg,1,0,0,0
401002.jpg,0,1,0,0
401003.jpg,1,0,0,0
401004.jpg,0,1,0,0
401005.jpg,0,0,1,0
401006.jpg,0,1,0,0
401007.jpg,1,0,0,0
401008.jpg,0,1,0,0
401009.jpg,0,1,0,0
401010.jpg,1,0,0,0
401011.jpg,0,1,0,0
401012.jpg,0,1,0,0
401013.jpg,0,1,0,0
401014.jpg,1,0,0,0
401015.jpg,0,1,0,0
401016.jpg,1,0,0,0
401017.jpg,0,1,0,0
401018.jpg,1,0,0,0
401019.jpg,1,0,0,0
401020.jpg,0,1,0,0
401021.jpg,1,0,0,0
401022.jpg,0,1,0,0
401023.jpg,0,1,0,0
401024.jpg,0,1,0,0
401025.jpg,1,0,0,0
401026.jpg,0,0,1,0
401027.jpg,0,1,0,0
401028.jpg,0,0,0,1
401029.jpg,1,0,0,0
401030.jpg,1,0,0,0
401031.jpg,1,0,0,0
401032.jpg,0,1,0,0
401033.jpg,0,1,0,0
401034.jpg,0,1,0,0
401035.jpg,0,0,1,0
401036.jpg,0,1,0,0
401037.jpg,1,0,0,0
401038.jpg,1,0,0,0
401039.jpg,1,0,0,0
401040.jpg,0,1,0,0
401041.jpg,0,1,0,0
401042.jpg,1,0,0,0
401043.jpg,1,0,0,0
401044.jpg,0,1,0,0
401045.jpg,0,1,0,0
401046.jpg,0,1,0,0
401047.jpg,1,0,0,0
401048.jpg,0,1,0,0
401049.jpg,1,0,0,0
401050.jpg,0,1,0,0
401051.jpg,0,1,0,0
401052.jpg,1,0,0,0
401053.jpg,0,1,0,0
401054.jpg,0,1,0,0
401055.jpg,0,1,0,0
401056.jpg,0,1,0,0
401057.jpg,0,1,0,0
401058.jpg,1,0,0,0
401059.jpg,1,0,0,0
401060.jpg,0,1,0,0
401061.jpg,1,0,0,0
401062.jpg,1,0,0,0
401063.jpg,1,0,0,0
401064.jpg,1,0,0,0
401065.jpg,0,1,0,0
401066.jpg,0,1,0,0
401067.jpg,0,1,0,0
401068.jpg,1,0,0,0
401069.jpg,1,0,0,0
401070.jpg,1,0,0,0
401071.jpg,1,0,0,0
401072.jpg,0,1,0,0
401073.jpg,0,1,0,0
401074.jpg,1,0,0,0
401075.jpg,1,0,0,0
401076.jpg,1,0,0,0
401077.jpg,1,0,0,0
401078.jpg,0,0,0,1
401079.jpg,0,1,0,0
401080.jpg,0,0,0,1
401081.jpg,0,1,0,0
401082.jpg,0,0,0,1
401083.jpg,0,1,0,0
401084.jpg,0,1,0,0
401085.jpg,0,1,0,0
401086.jpg,1,0,0,0
401087.jpg,1,0,0,0
401088.jpg,1,0,0,0
401089.jpg,0,0,1,0
401090.jpg,0,1,0,0
401091.jpg,0,0,1,0
401092.jpg,1,0,0,0
401093.jpg,0,0,0,1
401094.jpg,1,0,0,0
401095.jpg,0,1,0,0
401096.jpg,0,1,0,0
401097.jpg,0,1,0,0
401098.jpg,0,1,0,0
401099.jpg,0,1,0,0
401100.jpg,0,1,0,0
401101.jpg,1,0,0,0
401102.jpg,1,0,0,0
401103.jpg,1,0,0,0
401104.jpg,0,1,0,0
401105.jpg,0,1,0,0
401106.jpg,1,0,0,0
401107.jpg,0,1,0,0
401108.jpg,1,0,0,0
401109.jpg,1,0,0,0
401110.jpg,0,1,0,0
401111.jpg,0,1,0,0
401112.jpg,0,1,0,0
401113.jpg,0,0,0,1
401114.jpg,1,0,0,0
401115.jpg,0,0,1,0
401116.jpg,1,0,0,0
401117.jpg,1,0,0,0
401118.jpg,1,0,0,0
401119.jpg,1,0,0,0
401120.jpg,0,1,0,0
401121.jpg,1,0,0,0
401122.jpg,1,0,0,0
401123.jpg,0,1,0,0
401124.jpg,0,1,0,0
401125.jpg,0,1,0,0
401126.jpg,0,1,0,0
401127.jpg,0,1,0,0
401128.jpg,0,1,0,0
401129.jpg,0,1,0,0
401130.jpg,1,0,0,0
401131.jpg,1,0,0,0
401132.jpg,0,1,0,0
401133.jpg,0,1,0,0
401134.jpg,0,1,0,0
401135.jpg,0,1,0,0
401136.jpg,0,1,0,0
401137.jpg,1,0,0,0
401138.jpg,0,1,0,0
401139.jpg,0,1,0,0
401140.jpg,0,1,0,0
401141.jpg,0,1,0,0
401142.jpg,1,0,0,0
401143.jpg,0,1,0,0
401144.jpg,0,1,0,0
401145.jpg,0,0,1,0
401146.jpg,0,1,0,0
401147.jpg,0,0,0,1
401148.jpg,1,0,0,0
401149.jpg,1,0,0,0
401150.jpg,1,0,0,0
401151.jpg,0,0,1,0
401152.jpg,1,0,0,0
401153.jpg,0,1,0,0
401154.jpg,0,1,0,0
401155.jpg,1,0,0,0
401156.jpg,0,1,0,0
401157.jpg,1,0,0,0
401158.jpg,1,0,0,0
401159.jpg,0,1,0,0
401160.jpg,0,1,0,0
401161.jpg,0,1,0,0
401162.jpg,1,0,0,0
401163.jpg,0,1,0,0
401164.jpg,0,1,0,0
401165.jpg,1,0,0,0
401166.jpg,1,0,0,0
401167.jpg,1,0,0,0
401168.jpg,0,1,0,0
401169.jpg,1,0,0,0
401170.jpg,0,1,0,0
401171.jpg,0,1,0,0
401172.jpg,0,1,0,0
401173.jpg,1,0,0,0
401174.jpg,0,1,0,0
401175.jpg,0,1,0,0
401176.jpg,1,0,0,0
401177.jpg,0,1,0,0
401178.jpg,1,0,0,0
401179.jpg,0,1,0,0
401180.jpg,1,0,0,0
401181.jpg,1,0,0,0
401182.jpg,0,0,1,0
401183.jpg,0,1,0,0
401184.jpg,0,1,0,0
401185.jpg,1,0,0,0
401186.jpg,1,0,0,0
401187.jpg,0,1,0,0
401188.jpg,1,0,0,0
401189.jpg,0,1,0,0
401190.jpg,0,1,0,0
401191.jpg,1,0,0,0
401192.jpg,1,0,0,0
401193.jpg,1,0,0,0
401194.jpg,0,1,0,0
401195.jpg,1,0,0,0
401196.jpg,1,0,0,0
401197.jpg,0,0,0,1
401198.jpg,0,1,0,0
401199.jpg,1,0,0,0
401200.jpg,1,0,0,0
401201.jpg,1,0,0,0
401202.jpg,0,1,0,0
401203.jpg,1,0,0,0
401204.jpg,1,0,0,0
401205.jpg,0,1,0,0
401206.jpg,0,1,0,0
401207.jpg,0,1,0,0
401208.jpg,1,0,0,0
401209.jpg,1,0,0,0
401210.jpg,1,0,0,0
401211.jpg,0,1,0,0
401212.jpg,0,1,0,0
401213.jpg,0,0,0,1
401214.jpg,1,0,0,0
401215.jpg,0,1,0,0
401216.jpg,1,0,0,0
401217.jpg,1,0,0,0
401218.jpg,1,0,0,0
401219.jpg,1,0,0,0
401220.jpg,0,1,0,0
401221.jpg,0,1,0,0
401222.jpg,0,0,0,1
401223.jpg,1,0,0,0
401224.jpg,0,1,0,0
401225.jpg,1,0,0,0
401226.jpg,0,0,0,1
401227.jpg,0,1,0,0
401228.jpg,1,0,0,0
401229.jpg,0,1,0,0
401230.jpg,1,0,0,0
401231.jpg,0,1,0,0
401232.jpg,1,0,0,0
401233.jpg,0,1,0,0
401234.jpg,1,0,0,0
401235.jpg,1,0,0,0
401236.jpg,1,0,0,0
401237.jpg,1,0,0,0
401238.jpg,0,0,1,0
401239.jpg,0,0,1,0
401240.jpg,0,1,0,0
401241.jpg,1,0,0,0
401242.jpg,1,0,0,0
401243.jpg,0,1,0,0
401244.jpg,1,0,0,0
401245.jpg,0,1,0,0
401246.jpg,0,1,0,0
401247.jpg,1,0,0,0
401248.jpg,0,0,1,0
401249.jpg,0,1,0,0
401250.jpg,1,0,0,0
401251.jpg,0,1,0,0
401252.jpg,1,0,0,0
401253.jpg,0,1,0,0
401254.jpg,1,0,0,0
401255.jpg,1,0,0,0
401256.jpg,0,1,0,0
401257.jpg,1,0,0,0
401258.jpg,1,0,0,0
401259.jpg,1,0,0,0
401260.jpg,1,0,0,0
401261.jpg,0,1,0,0
401262.jpg,1,0,0,0
401263.jpg,0,0,1,0
401264.jpg,1,0,0,0
401265.jpg,0,1,0,0
401266.jpg,1,0,0,0
401267.jpg,1,0,0,0
401268.jpg,0,1,0,0
401269.jpg,1,0,0,0
401270.jpg,0,1,0,0
401271.jpg,0,1,0,0
401272.jpg,0,1,0,0
401273.jpg,0,1,0,0
401274.jpg,1,0,0,0
401275.jpg,0,1,0,0
401276.jpg,1,0,0,0
401277.jpg,0,1,0,0
401278.jpg,1,0,0,0
401279.jpg,0,1,0,0
401280.jpg,0,1,0,0
401281.jpg,1,0,0,0
401282.jpg,1,0,0,0
401283.jpg,1,0,0,0
401284.jpg,1,0,0,0
401285.jpg,1,0,0,0
401286.jpg,1,0,0,0
401287.jpg,1,0,0,0
401288.jpg,0,0,0,1
401289.jpg,1,0,0,0
401290.jpg,1,0,0,0
401291.jpg,0,1,0,0
401292.jpg,0,1,0,0
401293.jpg,0,1,0,0
401294.jpg,1,0,0,0
401295.jpg,1,0,0,0
401296.jpg,0,0,1,0
401297.jpg,1,0,0,0
401298.jpg,0,1,0,0
401299.jpg,0,1,0,0
401300.jpg,1,0,0,0
401301.jpg,0,1,0,0
401302.jpg,1,0,0,0
401303.jpg,0,1,0,0
401304.jpg,0,1,0,0
401305.jpg,0,0,1,0
401306.jpg,1,0,0,0
401307.jpg,1,0,0,0
401308.jpg,0,1,0,0
401309.jpg,1,0,0,0
401310.jpg,1,0,0,0
401311.jpg,0,1,0,0
401312.jpg,0,1,0,0
401313.jpg,0,1,0,0
401314.jpg,0,1,0,0
401315.jpg,0,1,0,0
401316.jpg,1,0,0,0
401317.jpg,1,0,0,0
401318.jpg,0,1,0,0
401319.jpg,0,1,0,0
401320.jpg,0,1,0,0
401321.jpg,1,0,0,0
401322.jpg,1,0,0,0
401323.jpg,0,1,0,0
401324.jpg,1,0,0,0
401325.jpg,1,0,0,0
401326.jpg,1,0,0,0
401327.jpg,1,0,0,0
401328.jpg,0,1,0,0
401329.jpg,0,1,0,0
401330.jpg,1,0,0,0
401331.jpg,0,0,0,1
401332.jpg,0,1,0,0
401333.jpg,1,0,0,0
401334.jpg,0,1,0,0
401335.jpg,1,0,0,0
401336.jpg,0,1,0,0
401337.jpg,0,1,0,0
401338.jpg,1,0,0,0
401339.jpg,1,0,0,0
401340.jpg,0,1,0,0
401341.jpg,0,0,0,1
401342.jpg,0,1,0,0
401343.jpg,1,0,0,0
401344.jpg,0,1,0,0
401345.jpg,0,0,1,0
401346.jpg,1,0,0,0
401348.jpg,0,1,0,0
401349.jpg,0,1,0,0
401350.jpg,1,0,0,0
401351.jpg,1,0,0,0
401352.jpg,0,1,0,0
401353.jpg,0,1,0,0
401354.jpg,1,0,0,0
401355.jpg,0,1,0,0
401356.jpg,0,0,0,1
401357.jpg,1,0,0,0
401358.jpg,0,1,0,0
401359.jpg,0,1,0,0
401360.jpg,0,1,0,0
401361.jpg,1,0,0,0
401362.jpg,1,0,0,0
401363.jpg,1,0,0,0
401364.jpg,0,1,0,0
401365.jpg,0,1,0,0
401366.jpg,0,0,1,0
401367.jpg,0,1,0,0
401368.jpg,1,0,0,0
401369.jpg,0,1,0,0
401370.jpg,1,0,0,0
401371.jpg,1,0,0,0
401372.jpg,0,1,0,0
401373.jpg,0,1,0,0
401374.jpg,0,1,0,0
401375.jpg,0,1,0,0
401376.jpg,1,0,0,0
401377.jpg,1,0,0,0
401378.jpg,0,1,0,0
401379.jpg,0,1,0,0
401380.jpg,1,0,0,0
401381.jpg,1,0,0,0
401382.jpg,0,1,0,0
401383.jpg,1,0,0,0
401384.jpg,1,0,0,0
401385.jpg,0,1,0,0
401386.jpg,0,1,0,0
401387.jpg,0,1,0,0
401388.jpg,0,1,0,0
401389.jpg,1,0,0,0
401390.jpg,0,0,0,1
401391.jpg,1,0,0,0
401392.jpg,1,0,0,0
401393.jpg,1,0,0,0
401394.jpg,1,0,0,0
401395.jpg,0,1,0,0
401396.jpg,1,0,0,0
401397.jpg,0,0,0,1
401398.jpg,0,1,0,0
401399.jpg,0,1,0,0
401400.jpg,0,1,0,0
401401.jpg,0,1,0,0
401402.jpg,0,0,1,0
401403.jpg,0,1,0,0
401404.jpg,1,0,0,0
401405.jpg,1,0,0,0
401406.jpg,0,1,0,0
401407.jpg,0,0,1,0
401408.jpg,0,1,0,0
401409.jpg,1,0,0,0
401410.jpg,0,1,0,0
401411.jpg,0,1,0,0
401412.jpg,0,1,0,0
401413.jpg,1,0,0,0
401414.jpg,0,1,0,0
401415.jpg,0,1,0,0
401416.jpg,0,0,1,0
401417.jpg,1,0,0,0
401418.jpg,1,0,0,0
401419.jpg,0,1,0,0
401420.jpg,0,1,0,0
401421.jpg,1,0,0,0
401422.jpg,0,1,0,0
401423.jpg,1,0,0,0
401424.jpg,0,1,0,0
401425.jpg,0,1,0,0
401426.jpg,0,1,0,0
401427.jpg,0,1,0,0
401428.jpg,0,1,0,0
401429.jpg,1,0,0,0
401430.jpg,1,0,0,0
401431.jpg,0,1,0,0
401432.jpg,0,1,0,0
401433.jpg,0,0,1,0
401434.jpg,0,1,0,0
401435.jpg,0,0,0,1
401436.jpg,0,1,0,0
401437.jpg,1,0,0,0
401438.jpg,1,0,0,0
401439.jpg,0,1,0,0
401440.jpg,1,0,0,0
401441.jpg,1,0,0,0
401442.jpg,1,0,0,0
401443.jpg,1,0,0,0
401444.jpg,1,0,0,0
401445.jpg,1,0,0,0
401446.jpg,1,0,0,0
401447.jpg,1,0,0,0
401448.jpg,0,1,0,0
401449.jpg,1,0,0,0
401450.jpg,0,0,0,1
401451.jpg,0,1,0,0
401452.jpg,0,1,0,0
401453.jpg,0,0,0,1
401454.jpg,0,0,1,0
401455.jpg,1,0,0,0
401456.jpg,1,0,0,0
401457.jpg,0,1,0,0
401458.jpg,1,0,0,0
401459.jpg,1,0,0,0
401460.jpg,1,0,0,0
401461.jpg,1,0,0,0
401462.jpg,0,1,0,0
401463.jpg,0,1,0,0
401464.jpg,0,1,0,0
401465.jpg,1,0,0,0
401466.jpg,0,1,0,0
401467.jpg,0,0,1,0
401468.jpg,0,1,0,0
401469.jpg,0,1,0,0
401470.jpg,1,0,0,0
401471.jpg,0,1,0,0
401472.jpg,1,0,0,0
401473.jpg,0,1,0,0
401474.jpg,1,0,0,0
401475.jpg,1,0,0,0
401476.jpg,0,1,0,0
401477.jpg,0,1,0,0
401478.jpg,0,0,1,0
401479.jpg,1,0,0,0
401480.jpg,1,0,0,0
401481.jpg,0,1,0,0
401482.jpg,1,0,0,0
401483.jpg,1,0,0,0
401484.jpg,0,1,0,0
401485.jpg,0,1,0,0
401486.jpg,0,1,0,0
401487.jpg,0,1,0,0
401488.jpg,1,0,0,0
401489.jpg,0,1,0,0
401490.jpg,0,1,0,0
401491.jpg,0,1,0,0
401492.jpg,0,0,1,0
401493.jpg,0,0,0,1
401494.jpg,0,1,0,0
401495.jpg,0,1,0,0
401496.jpg,1,0,0,0
401497.jpg,1,0,0,0
401498.jpg,0,1,0,0
401499.jpg,1,0,0,0
401500.jpg,0,1,0,0
401501.jpg,1,0,0,0
401502.jpg,0,1,0,0
401503.jpg,0,1,0,0
401504.jpg,0,1,0,0
401505.jpg,0,1,0,0
401506.jpg,1,0,0,0
401507.jpg,0,1,0,0
401508.jpg,1,0,0,0
401509.jpg,1,0,0,0
401510.jpg,0,1,0,0
401511.jpg,0,1,0,0
401512.jpg,1,0,0,0
401513.jpg,1,0,0,0
401514.jpg,0,0,1,0
401515.jpg,1,0,0,0
401516.jpg,0,0,1,0
401517.jpg,1,0,0,0
401518.jpg,1,0,0,0
401519.jpg,1,0,0,0
401520.jpg,0,1,0,0
401521.jpg,0,1,0,0
401522.jpg,0,1,0,0
401523.jpg,0,1,0,0
401524.jpg,1,0,0,0
401525.jpg,1,0,0,0
401526.jpg,0,1,0,0
401527.jpg,1,0,0,0
401528.jpg,0,0,0,1
401529.jpg,0,1,0,0
401530.jpg,1,0,0,0
401531.jpg,0,1,0,0
401532.jpg,0,1,0,0
401533.jpg,1,0,0,0
401534.jpg,1,0,0,0
401535.jpg,1,0,0,0
401536.jpg,1,0,0,0
401537.jpg,0,1,0,0
401538.jpg,0,1,0,0
401539.jpg,0,1,0,0
401540.jpg,0,1,0,0
401541.jpg,0,1,0,0
401542.jpg,0,1,0,0
401543.jpg,1,0,0,0
401544.jpg,0,1,0,0
401545.jpg,0,0,1,0
401546.jpg,1,0,0,0
401547.jpg,1,0,0,0
401548.jpg,0,1,0,0
401549.jpg,0,1,0,0
401550.jpg,0,0,1,0
401551.jpg,0,1,0,0
401552.jpg,1,0,0,0
401553.jpg,1,0,0,0
401554.jpg,0,1,0,0
401555.jpg,1,0,0,0
401556.jpg,1,0,0,0
401557.jpg,1,0,0,0
401558.jpg,0,1,0,0
401559.jpg,0,1,0,0
401560.jpg,1,0,0,0
401561.jpg,0,1,0,0
401562.jpg,0,1,0,0
401563.jpg,0,1,0,0
401564.jpg,0,1,0,0
401565.jpg,0,1,0,0
401566.jpg,0,1,0,0
401567.jpg,0,1,0,0
401568.jpg,0,1,0,0
401569.jpg,0,1,0,0
401570.jpg,1,0,0,0
401571.jpg,0,1,0,0
401572.jpg,1,0,0,0
401573.jpg,1,0,0,0
401574.jpg,0,0,1,0
401575.jpg,0,0,0,1
401576.jpg,0,1,0,0
401577.jpg,1,0,0,0
401578.jpg,0,1,0,0
401579.jpg,0,0,1,0
401580.jpg,1,0,0,0
401581.jpg,1,0,0,0
401582.jpg,0,1,0,0
401583.jpg,0,1,0,0
401584.jpg,0,1,0,0
401585.jpg,1,0,0,0
401586.jpg,1,0,0,0
401587.jpg,1,0,0,0
401588.jpg,0,1,0,0
401589.jpg,0,1,0,0
401590.jpg,1,0,0,0
401591.jpg,0,1,0,0
401592.jpg,0,1,0,0
401593.jpg,1,0,0,0
401594.jpg,1,0,0,0
401595.jpg,1,0,0,0
401596.jpg,1,0,0,0
401597.jpg,0,1,0,0
401598.jpg,1,0,0,0
401599.jpg,1,0,0,0
401600.jpg,1,0,0,0
401601.jpg,1,0,0,0
401602.jpg,0,1,0,0
401603.jpg,0,1,0,0
401604.jpg,1,0,0,0
401605.jpg,1,0,0,0
401606.jpg,0,1,0,0
401607.jpg,0,1,0,0
401608.jpg,0,1,0,0
401609.jpg,1,0,0,0
401610.jpg,0,1,0,0
401611.jpg,0,1,0,0
401612.jpg,1,0,0,0
401613.jpg,0,1,0,0
401614.jpg,0,1,0,0
401615.jpg,1,0,0,0
401616.jpg,1,0,0,0
401617.jpg,0,1,0,0
401618.jpg,1,0,0,0
401619.jpg,1,0,0,0
401620.jpg,1,0,0,0
401621.jpg,0,0,0,1
401622.jpg,1,0,0,0
401623.jpg,0,1,0,0
401624.jpg,1,0,0,0
401625.jpg,0,1,0,0
401626.jpg,0,1,0,0
401627.jpg,1,0,0,0
401628.jpg,1,0,0,0
401629.jpg,0,1,0,0
401630.jpg,0,1,0,0
401631.jpg,1,0,0,0
401632.jpg,0,1,0,0
401633.jpg,0,1,0,0
401634.jpg,0,1,0,0
401635.jpg,0,1,0,0
401636.jpg,0,0,0,1
401637.jpg,1,0,0,0
401638.jpg,0,1,0,0
401639.jpg,0,0,1,0
401640.jpg,1,0,0,0
401641.jpg,1,0,0,0
401642.jpg,1,0,0,0
401643.jpg,0,1,0,0
401644.jpg,0,0,0,1
401645.jpg,0,1,0,0
401646.jpg,0,1,0,0
401647.jpg,1,0,0,0
401648.jpg,1,0,0,0
401649.jpg,0,0,0,1
401650.jpg,1,0,0,0
401651.jpg,0,1,0,0
401652.jpg,0,1,0,0
401653.jpg,1,0,0,0
401654.jpg,1,0,0,0
401655.jpg,1,0,0,0
401656.jpg,1,0,0,0
401657.jpg,0,1,0,0
401658.jpg,1,0,0,0
401659.jpg,0,1,0,0
401660.jpg,1,0,0,0
401661.jpg,1,0,0,0
401662.jpg,0,0,1,0
401663.jpg,0,1,0,0
401664.jpg,0,0,0,1
401665.jpg,1,0,0,0
401666.jpg,1,0,0,0
401667.jpg,0,0,1,0
401668.jpg,1,0,0,0
401669.jpg,0,0,0,1
401670.jpg,0,1,0,0
401671.jpg,0,1,0,0
401672.jpg,1,0,0,0
401673.jpg,1,0,0,0
401674.jpg,0,1,0,0
401675.jpg,0,1,0,0
401676.jpg,1,0,0,0
401677.jpg,1,0,0,0
401678.jpg,1,0,0,0
401679.jpg,0,1,0,0
401680.jpg,0,1,0,0
401681.jpg,0,1,0,0
401682.jpg,1,0,0,0
401683.jpg,1,0,0,0
401684.jpg,1,0,0,0
401685.jpg,0,1,0,0
401686.jpg,1,0,0,0
401687.jpg,1,0,0,0
401688.jpg,1,0,0,0
401689.jpg,0,0,0,1
401690.jpg,1,0,0,0
401691.jpg,0,1,0,0
401692.jpg,0,0,0,1
401693.jpg,0,1,0,0
401694.jpg,0,1,0,0
401695.jpg,0,1,0,0
401696.jpg,1,0,0,0
401697.jpg,1,0,0,0
401698.jpg,1,0,0,0
401699.jpg,0,1,0,0
401700.jpg,1,0,0,0
401701.jpg,1,0,0,0
401702.jpg,1,0,0,0
401703.jpg,0,1,0,0
401704.jpg,1,0,0,0
401705.jpg,1,0,0,0
401706.jpg,0,1,0,0
401707.jpg,0,1,0,0
401708.jpg,1,0,0,0
401709.jpg,0,1,0,0
401710.jpg,0,1,0,0
401711.jpg,1,0,0,0
401712.jpg,1,0,0,0
401713.jpg,1,0,0,0
401714.jpg,1,0,0,0
401715.jpg,1,0,0,0
401716.jpg,1,0,0,0
401717.jpg,1,0,0,0
401718.jpg,1,0,0,0
401719.jpg,0,1,0,0
401720.jpg,0,1,0,0
401721.jpg,0,0,1,0
401722.jpg,0,1,0,0
401723.jpg,0,1,0,0
401724.jpg,0,1,0,0
401725.jpg,1,0,0,0
401726.jpg,0,1,0,0
401727.jpg,0,1,0,0
401728.jpg,1,0,0,0
401729.jpg,0,1,0,0
401730.jpg,0,1,0,0
401731.jpg,0,1,0,0
401732.jpg,0,1,0,0
401733.jpg,0,1,0,0
401734.jpg,1,0,0,0
401735.jpg,1,0,0,0
401736.jpg,0,1,0,0
401737.jpg,0,1,0,0
401738.jpg,1,0,0,0
401739.jpg,1,0,0,0
401740.jpg,0,1,0,0
401741.jpg,0,1,0,0
401742.jpg,0,1,0,0
401743.jpg,0,1,0,0
401744.jpg,1,0,0,0
401745.jpg,1,0,0,0
401746.jpg,0,1,0,0
401747.jpg,0,1,0,0
401748.jpg,1,0,0,0
401749.jpg,0,0,1,0
401750.jpg,1,0,0,0
401751.jpg,0,1,0,0
401752.jpg,0,1,0,0
401753.jpg,0,1,0,0
401754.jpg,1,0,0,0
401755.jpg,1,0,0,0
401756.jpg,0,1,0,0
401757.jpg,1,0,0,0
401758.jpg,0,1,0,0
401759.jpg,0,1,0,0
401760.jpg,0,1,0,0
401761.jpg,0,1,0,0
401762.jpg,1,0,0,0
401763.jpg,0,0,1,0
401764.jpg,0,1,0,0
401765.jpg,1,0,0,0
401766.jpg,1,0,0,0
401767.jpg,0,0,1,0
401768.jpg,0,1,0,0
401769.jpg,0,1,0,0
401770.jpg,1,0,0,0
401771.jpg,0,1,0,0
401772.jpg,0,1,0,0
401773.jpg,0,1,0,0
401774.jpg,0,1,0,0
401775.jpg,0,1,0,0
401776.jpg,1,0,0,0
401777.jpg,1,0,0,0
401778.jpg,1,0,0,0
401779.jpg,0,1,0,0
401780.jpg,1,0,0,0
401781.jpg,1,0,0,0
401782.jpg,1,0,0,0
401783.jpg,0,1,0,0
401784.jpg,0,1,0,0
401785.jpg,0,1,0,0
401786.jpg,1,0,0,0
401787.jpg,1,0,0,0
401788.jpg,1,0,0,0
401789.jpg,1,0,0,0
401790.jpg,0,1,0,0
401791.jpg,1,0,0,0
401792.jpg,1,0,0,0
401793.jpg,0,1,0,0
401794.jpg,1,0,0,0
401795.jpg,0,0,1,0
401796.jpg,1,0,0,0
401797.jpg,1,0,0,0
401798.jpg,1,0,0,0
401799.jpg,0,1,0,0
401800.jpg,0,1,0,0
401801.jpg,0,1,0,0
401802.jpg,1,0,0,0
401803.jpg,1,0,0,0
401804.jpg,0,1,0,0
401805.jpg,1,0,0,0
401806.jpg,0,1,0,0
401807.jpg,0,1,0,0
401808.jpg,0,1,0,0
401809.jpg,1,0,0,0
401810.jpg,0,1,0,0
401811.jpg,1,0,0,0
401812.jpg,1,0,0,0
401813.jpg,0,1,0,0
401814.jpg,1,0,0,0
401815.jpg,0,1,0,0
401816.jpg,0,1,0,0
401817.jpg,0,1,0,0
401818.jpg,1,0,0,0
401819.jpg,0,0,0,1
401820.jpg,1,0,0,0
401821.jpg,1,0,0,0
401822.jpg,1,0,0,0
401823.jpg,1,0,0,0
401824.jpg,0,1,0,0
401825.jpg,0,1,0,0
401826.jpg,1,0,0,0
401827.jpg,1,0,0,0
401828.jpg,0,0,1,0
401829.jpg,0,1,0,0
401830.jpg,0,0,1,0
401831.jpg,0,1,0,0
401832.jpg,0,1,0,0
401833.jpg,0,1,0,0
401834.jpg,0,1,0,0
401835.jpg,1,0,0,0
401836.jpg,0,1,0,0
401837.jpg,0,1,0,0
401838.jpg,1,0,0,0
401839.jpg,1,0,0,0
401840.jpg,0,1,0,0
401841.jpg,0,1,0,0
401842.jpg,0,1,0,0
401843.jpg,1,0,0,0
401844.jpg,1,0,0,0
401845.jpg,1,0,0,0
401846.jpg,1,0,0,0
401847.jpg,1,0,0,0
401848.jpg,1,0,0,0
401849.jpg,0,1,0,0
401850.jpg,0,1,0,0
401851.jpg,1,0,0,0
401852.jpg,0,1,0,0
401853.jpg,0,1,0,0
401854.jpg,1,0,0,0
401855.jpg,1,0,0,0
401856.jpg,0,1,0,0
401857.jpg,1,0,0,0
401858.jpg,0,1,0,0
401859.jpg,0,1,0,0
401860.jpg,0,1,0,0
401861.jpg,1,0,0,0
401862.jpg,0,1,0,0
401863.jpg,1,0,0,0
401864.jpg,1,0,0,0
401865.jpg,1,0,0,0
401866.jpg,1,0,0,0
401867.jpg,1,0,0,0
401868.jpg,0,1,0,0
401869.jpg,0,1,0,0
401870.jpg,1,0,0,0
401871.jpg,0,1,0,0
401872.jpg,1,0,0,0
401873.jpg,1,0,0,0
401874.jpg,1,0,0,0
401875.jpg,0,1,0,0
401876.jpg,0,1,0,0
401877.jpg,0,1,0,0
401878.jpg,1,0,0,0
401879.jpg,0,1,0,0
401880.jpg,1,0,0,0
401881.jpg,0,1,0,0
401882.jpg,1,0,0,0
401883.jpg,0,1,0,0
401884.jpg,1,0,0,0
401885.jpg,0,1,0,0
401886.jpg,1,0,0,0
401887.jpg,0,1,0,0
401888.jpg,0,1,0,0
401889.jpg,0,0,1,0
401890.jpg,1,0,0,0
401891.jpg,0,1,0,0
401892.jpg,1,0,0,0
401893.jpg,0,1,0,0
401894.jpg,0,1,0,0
401895.jpg,0,1,0,0
401896.jpg,0,1,0,0
401897.jpg,0,0,1,0
401898.jpg,0,1,0,0
401899.jpg,0,1,0,0
401900.jpg,0,1,0,0
401901.jpg,1,0,0,0
401902.jpg,1,0,0,0
401903.jpg,0,1,0,0
401904.jpg,1,0,0,0
401905.jpg,0,1,0,0
401906.jpg,1,0,0,0
401907.jpg,0,1,0,0
401908.jpg,1,0,0,0
401909.jpg,0,1,0,0
401910.jpg,0,1,0,0
401911.jpg,1,0,0,0
401912.jpg,0,1,0,0
401913.jpg,0,1,0,0
401914.jpg,0,1,0,0
401915.jpg,0,1,0,0
401916.jpg,0,1,0,0
401917.jpg,1,0,0,0
401918.jpg,0,1,0,0
401919.jpg,1,0,0,0
401920.jpg,1,0,0,0
401921.jpg,0,1,0,0
401922.jpg,0,1,0,0
401923.jpg,1,0,0,0
401924.jpg,1,0,0,0
401925.jpg,0,1,0,0
401926.jpg,1,0,0,0
401927.jpg,1,0,0,0
401928.jpg,0,1,0,0
401929.jpg,1,0,0,0
401930.jpg,0,1,0,0
401931.jpg,1,0,0,0
401932.jpg,0,1,0,0
401933.jpg,0,1,0,0
401934.jpg,0,1,0,0
401935.jpg,0,1,0,0
401936.jpg,0,1,0,0
401937.jpg,0,1,0,0
401938.jpg,0,1,0,0
401939.jpg,0,1,0,0
401940.jpg,1,0,0,0
401941.jpg,1,0,0,0
401942.jpg,1,0,0,0
401943.jpg,1,0,0,0
401944.jpg,0,0,1,0
401945.jpg,1,0,0,0
401946.jpg,0,1,0,0
401947.jpg,1,0,0,0
401948.jpg,0,0,0,1
401949.jpg,0,1,0,0
401950.jpg,1,0,0,0
401951.jpg,0,1,0,0
401952.jpg,0,0,1,0
401953.jpg,1,0,0,0
401954.jpg,0,1,0,0
401955.jpg,0,1,0,0
401956.jpg,0,1,0,0
401957.jpg,0,1,0,0
401958.jpg,1,0,0,0
401959.jpg,1,0,0,0
401960.jpg,0,1,0,0
401961.jpg,0,1,0,0
401962.jpg,1,0,0,0
401963.jpg,1,0,0,0
401964.jpg,1,0,0,0
401965.jpg,1,0,0,0
401966.jpg,1,0,0,0
401967.jpg,0,1,0,0
401968.jpg,0,1,0,0
401969.jpg,0,1,0,0
401970.jpg,1,0,0,0
401971.jpg,0,1,0,0
401972.jpg,1,0,0,0
401973.jpg,0,1,0,0
401974.jpg,0,1,0,0
401975.jpg,1,0,0,0
401976.jpg,1,0,0,0
401977.jpg,1,0,0,0
401978.jpg,1,0,0,0
401979.jpg,1,0,0,0
401981.jpg,0,1,0,0
401982.jpg,0,1,0,0
401983.jpg,0,1,0,0
401984.jpg,1,0,0,0
401985.jpg,0,1,0,0
401986.jpg,0,1,0,0
401987.jpg,0,1,0,0
401988.jpg,0,0,0,1
401989.jpg,0,1,0,0
401990.jpg,1,0,0,0
401991.jpg,0,1,0,0
401992.jpg,0,1,0,0
401993.jpg,0,1,0,0
401994.jpg,1,0,0,0
401995.jpg,0,1,0,0
401996.jpg,1,0,0,0
401997.jpg,0,1,0,0
401998.jpg,1,0,0,0
401999.jpg,0,1,0,0
402000.jpg,1,0,0,0
402001.jpg,0,1,0,0
402002.jpg,0,1,0,0
402003.jpg,1,0,0,0
402004.jpg,0,1,0,0
402005.jpg,0,0,0,1
402006.jpg,0,1,0,0
402007.jpg,1,0,0,0
402008.jpg,0,1,0,0
402009.jpg,0,1,0,0
402010.jpg,1,0,0,0
402011.jpg,0,1,0,0
402012.jpg,1,0,0,0
402013.jpg,0,1,0,0
402014.jpg,1,0,0,0
402015.jpg,1,0,0,0
402016.jpg,1,0,0,0
402017.jpg,1,0,0,0
402018.jpg,0,1,0,0
402019.jpg,1,0,0,0
402020.jpg,0,1,0,0
402021.jpg,1,0,0,0
402022.jpg,0,1,0,0
402023.jpg,0,0,0,1
402024.jpg,0,1,0,0
402025.jpg,1,0,0,0
402026.jpg,1,0,0,0
402027.jpg,1,0,0,0
402028.jpg,1,0,0,0
402029.jpg,1,0,0,0
402030.jpg,1,0,0,0
402031.jpg,0,1,0,0
402032.jpg,0,1,0,0
402033.jpg,1,0,0,0
402034.jpg,0,1,0,0
402035.jpg,0,1,0,0
402036.jpg,1,0,0,0
402037.jpg,1,0,0,0
402038.jpg,0,0,0,1
402039.jpg,0,1,0,0
402040.jpg,1,0,0,0
402041.jpg,0,1,0,0
402042.jpg,1,0,0,0
402043.jpg,1,0,0,0
402044.jpg,1,0,0,0
402045.jpg,0,1,0,0
402046.jpg,1,0,0,0
402047.jpg,1,0,0,0
402048.jpg,0,1,0,0
402049.jpg,1,0,0,0
402050.jpg,0,1,0,0
402051.jpg,0,1,0,0
402052.jpg,1,0,0,0
402053.jpg,1,0,0,0
402054.jpg,0,1,0,0
402055.jpg,1,0,0,0
402056.jpg,0,1,0,0
402057.jpg,0,1,0,0
402058.jpg,1,0,0,0
402059.jpg,1,0,0,0
402060.jpg,0,0,1,0
402061.jpg,0,1,0,0
402062.jpg,0,1,0,0
402063.jpg,1,0,0,0
402064.jpg,1,0,0,0
402065.jpg,0,1,0,0
402066.jpg,1,0,0,0
402067.jpg,0,1,0,0
402068.jpg,0,1,0,0
402069.jpg,0,1,0,0
402070.jpg,1,0,0,0
402071.jpg,0,1,0,0
402072.jpg,1,0,0,0
402073.jpg,1,0,0,0
402074.jpg,1,0,0,0
402075.jpg,0,0,1,0
402076.jpg,1,0,0,0
402077.jpg,1,0,0,0
402078.jpg,0,1,0,0
402079.jpg,0,1,0,0
402080.jpg,1,0,0,0
402081.jpg,0,1,0,0
402082.jpg,0,1,0,0
402083.jpg,0,0,0,1
402084.jpg,0,1,0,0
402085.jpg,0,1,0,0
402086.jpg,0,1,0,0
402087.jpg,1,0,0,0
402088.jpg,1,0,0,0
402089.jpg,0,1,0,0
402090.jpg,0,1,0,0
402091.jpg,1,0,0,0
402092.jpg,1,0,0,0
402093.jpg,1,0,0,0
402094.jpg,0,1,0,0
402095.jpg,1,0,0,0
402096.jpg,1,0,0,0
402097.jpg,0,1,0,0
402098.jpg,0,1,0,0
402099.jpg,1,0,0,0
402100.jpg,0,1,0,0
402101.jpg,0,1,0,0
402102.jpg,0,1,0,0
402103.jpg,0,1,0,0
402104.jpg,1,0,0,0
402105.jpg,1,0,0,0
402106.jpg,0,1,0,0
402107.jpg,0,1,0,0
402108.jpg,1,0,0,0
402109.jpg,0,1,0,0
402110.jpg,1,0,0,0
402111.jpg,0,1,0,0
402112.jpg,0,1,0,0
402113.jpg,0,0,1,0
402114.jpg,1,0,0,0
402115.jpg,1,0,0,0
402116.jpg,1,0,0,0
402117.jpg,1,0,0,0
402118.jpg,0,0,0,1
402119.jpg,0,1,0,0
402120.jpg,1,0,0,0
402121.jpg,0,0,0,1
402122.jpg,0,1,0,0
402123.jpg,0,1,0,0
402124.jpg,1,0,0,0
402125.jpg,1,0,0,0
402126.jpg,0,1,0,0
402128.jpg,1,0,0,0
402129.jpg,0,1,0,0
402130.jpg,0,1,0,0
402131.jpg,0,1,0,0
402132.jpg,0,1,0,0
402133.jpg,1,0,0,0
402134.jpg,1,0,0,0
402135.jpg,1,0,0,0
402136.jpg,0,0,0,1
402137.jpg,1,0,0,0
402138.jpg,0,1,0,0
402139.jpg,0,1,0,0
402140.jpg,0,1,0,0
402141.jpg,0,1,0,0
402142.jpg,0,1,0,0
402143.jpg,1,0,0,0
402144.jpg,1,0,0,0
402145.jpg,0,1,0,0
402146.jpg,1,0,0,0
402147.jpg,0,1,0,0
402148.jpg,0,1,0,0
402149.jpg,1,0,0,0
402150.jpg,1,0,0,0
402151.jpg,0,1,0,0
402152.jpg,1,0,0,0
402153.jpg,0,1,0,0
402154.jpg,0,1,0,0
402155.jpg,0,0,0,1
402156.jpg,1,0,0,0
402157.jpg,0,1,0,0
402158.jpg,1,0,0,0
402159.jpg,0,1,0,0
402160.jpg,0,1,0,0
402161.jpg,0,1,0,0
402162.jpg,0,1,0,0
402163.jpg,0,1,0,0
402164.jpg,0,1,0,0
402165.jpg,1,0,0,0
402166.jpg,0,0,1,0
402167.jpg,0,1,0,0
402168.jpg,0,1,0,0
402169.jpg,1,0,0,0
402170.jpg,0,1,0,0
402171.jpg,1,0,0,0
402172.jpg,1,0,0,0
402173.jpg,1,0,0,0
402174.jpg,1,0,0,0
402175.jpg,0,1,0,0
402176.jpg,0,0,0,1
402177.jpg,1,0,0,0
402178.jpg,1,0,0,0
402179.jpg,0,0,1,0
402180.jpg,0,1,0,0
402181.jpg,1,0,0,0
402182.jpg,1,0,0,0
402183.jpg,1,0,0,0
402184.jpg,0,1,0,0
402185.jpg,1,0,0,0
402186.jpg,0,1,0,0
402187.jpg,0,0,0,1
402188.jpg,0,1,0,0
402189.jpg,0,1,0,0
402190.jpg,0,1,0,0
402191.jpg,0,1,0,0
402192.jpg,0,1,0,0
402193.jpg,1,0,0,0
402194.jpg,0,1,0,0
402195.jpg,1,0,0,0
402196.jpg,1,0,0,0
402197.jpg,0,1,0,0
402198.jpg,0,1,0,0
402199.jpg,1,0,0,0
402200.jpg,1,0,0,0
402201.jpg,1,0,0,0
402202.jpg,0,1,0,0
402203.jpg,1,0,0,0
402204.jpg,1,0,0,0
402205.jpg,1,0,0,0
402206.jpg,0,1,0,0
402207.jpg,0,1,0,0
402208.jpg,0,1,0,0
402209.jpg,0,1,0,0
402210.jpg,1,0,0,0
402211.jpg,1,0,0,0
402212.jpg,1,0,0,0
402213.jpg,1,0,0,0
402214.jpg,0,1,0,0
402215.jpg,0,1,0,0
402216.jpg,0,1,0,0
402217.jpg,0,1,0,0
402218.jpg,0,0,0,1
402219.jpg,0,1,0,0
402220.jpg,0,1,0,0
402221.jpg,1,0,0,0
402222.jpg,0,0,0,1
402223.jpg,1,0,0,0
402224.jpg,1,0,0,0
402225.jpg,0,1,0,0
402226.jpg,0,1,0,0
402227.jpg,0,1,0,0
402228.jpg,0,1,0,0
402229.jpg,0,1,0,0
402230.jpg,1,0,0,0
402231.jpg,0,0,1,0
402232.jpg,0,1,0,0
402233.jpg,1,0,0,0
402234.jpg,0,1,0,0
402235.jpg,0,0,0,1
402236.jpg,0,1,0,0
402237.jpg,1,0,0,0
402238.jpg,1,0,0,0
402239.jpg,0,0,0,1
402240.jpg,1,0,0,0
402241.jpg,1,0,0,0
402242.jpg,0,1,0,0
402243.jpg,0,1,0,0
402244.jpg,1,0,0,0
402245.jpg,0,1,0,0
402246.jpg,0,1,0,0
402247.jpg,1,0,0,0
402248.jpg,0,0,1,0
402249.jpg,1,0,0,0
402250.jpg,0,1,0,0
402251.jpg,1,0,0,0
402252.jpg,0,1,0,0
402253.jpg,1,0,0,0
402254.jpg,0,1,0,0
402255.jpg,1,0,0,0
402256.jpg,0,1,0,0
402257.jpg,0,0,1,0
402258.jpg,1,0,0,0
402259.jpg,0,0,0,1
402260.jpg,0,1,0,0
402261.jpg,0,1,0,0
402262.jpg,1,0,0,0
402263.jpg,0,1,0,0
402264.jpg,0,1,0,0
402265.jpg,1,0,0,0
402266.jpg,0,0,0,1
402267.jpg,1,0,0,0
402268.jpg,0,1,0,0
402269.jpg,0,1,0,0
402270.jpg,0,1,0,0
402271.jpg,0,1,0,0
402272.jpg,1,0,0,0
402273.jpg,1,0,0,0
402274.jpg,0,1,0,0
402275.jpg,0,1,0,0
402276.jpg,0,1,0,0
402277.jpg,0,1,0,0
402278.jpg,0,1,0,0
402279.jpg,0,1,0,0
402280.jpg,1,0,0,0
402281.jpg,1,0,0,0
402282.jpg,1,0,0,0
402283.jpg,0,1,0,0
402284.jpg,1,0,0,0
402285.jpg,0,1,0,0
402286.jpg,0,0,0,1
402287.jpg,1,0,0,0
402288.jpg,0,1,0,0
402289.jpg,0,1,0,0
402290.jpg,0,1,0,0
402291.jpg,1,0,0,0
402292.jpg,1,0,0,0
402293.jpg,1,0,0,0
402294.jpg,1,0,0,0
402295.jpg,1,0,0,0
402296.jpg,0,1,0,0
402297.jpg,0,1,0,0
402298.jpg,1,0,0,0
402299.jpg,0,1,0,0
402300.jpg,0,0,1,0
402301.jpg,1,0,0,0
402302.jpg,1,0,0,0
402303.jpg,1,0,0,0
402304.jpg,0,0,1,0
402305.jpg,1,0,0,0
402306.jpg,0,1,0,0
402307.jpg,0,1,0,0
402308.jpg,1,0,0,0
402309.jpg,0,1,0,0
402310.jpg,1,0,0,0
402311.jpg,1,0,0,0
402312.jpg,0,1,0,0
402313.jpg,1,0,0,0
402314.jpg,0,1,0,0
402315.jpg,1,0,0,0
402316.jpg,0,1,0,0
402317.jpg,1,0,0,0
402318.jpg,1,0,0,0
402319.jpg,1,0,0,0
402320.jpg,1,0,0,0
402321.jpg,0,1,0,0
402322.jpg,0,1,0,0
402323.jpg,0,1,0,0
402324.jpg,1,0,0,0
402325.jpg,0,1,0,0
402326.jpg,1,0,0,0
402327.jpg,0,1,0,0
402328.jpg,1,0,0,0
402329.jpg,1,0,0,0
402330.jpg,0,1,0,0
402331.jpg,0,0,1,0
402332.jpg,1,0,0,0
402333.jpg,0,1,0,0
402334.jpg,0,1,0,0
402335.jpg,0,1,0,0
402336.jpg,1,0,0,0
402337.jpg,1,0,0,0
402338.jpg,0,1,0,0
402339.jpg,0,1,0,0
402340.jpg,1,0,0,0
402341.jpg,1,0,0,0
402342.jpg,1,0,0,0
402343.jpg,1,0,0,0
402344.jpg,0,1,0,0
402345.jpg,1,0,0,0
402346.jpg,0,1,0,0
402347.jpg,1,0,0,0
402348.jpg,1,0,0,0
402349.jpg,0,1,0,0
402350.jpg,0,0,1,0
402351.jpg,0,1,0,0
402352.jpg,0,1,0,0
402353.jpg,0,1,0,0
402354.jpg,1,0,0,0
402355.jpg,1,0,0,0
402356.jpg,1,0,0,0
402357.jpg,0,1,0,0
402358.jpg,0,0,1,0
402359.jpg,0,0,0,1
402360.jpg,1,0,0,0
402361.jpg,1,0,0,0
402362.jpg,1,0,0,0
402363.jpg,0,1,0,0
402364.jpg,1,0,0,0
402365.jpg,1,0,0,0
402366.jpg,0,1,0,0
402367.jpg,1,0,0,0
402368.jpg,0,1,0,0
402369.jpg,1,0,0,0
402370.jpg,1,0,0,0
402371.jpg,1,0,0,0
402372.jpg,0,1,0,0
402373.jpg,0,0,0,1
402374.jpg,1,0,0,0
402375.jpg,0,1,0,0
402376.jpg,0,1,0,0
402377.jpg,1,0,0,0
402378.jpg,0,1,0,0
402379.jpg,1,0,0,0
402380.jpg,0,1,0,0
402381.jpg,1,0,0,0
402382.jpg,1,0,0,0
402383.jpg,1,0,0,0
402384.jpg,0,1,0,0
402385.jpg,0,1,0,0
402386.jpg,1,0,0,0
402387.jpg,1,0,0,0
402388.jpg,1,0,0,0
402389.jpg,1,0,0,0
402390.jpg,0,1,0,0
402391.jpg,1,0,0,0
402392.jpg,0,1,0,0
402393.jpg,0,0,0,1
402394.jpg,1,0,0,0
402395.jpg,1,0,0,0
402396.jpg,1,0,0,0
402397.jpg,0,1,0,0
402398.jpg,1,0,0,0
402399.jpg,1,0,0,0
402400.jpg,0,1,0,0
402401.jpg,0,1,0,0
402402.jpg,0,0,0,1
402403.jpg,1,0,0,0
402404.jpg,0,1,0,0
402405.jpg,1,0,0,0
402406.jpg,0,1,0,0
402407.jpg,1,0,0,0
402408.jpg,1,0,0,0
402409.jpg,1,0,0,0
402410.jpg,0,1,0,0
402411.jpg,1,0,0,0
402412.jpg,1,0,0,0
402413.jpg,0,1,0,0
402414.jpg,1,0,0,0
402415.jpg,1,0,0,0
402416.jpg,0,1,0,0
402417.jpg,1,0,0,0
402418.jpg,1,0,0,0
402419.jpg,1,0,0,0
402420.jpg,0,1,0,0
402421.jpg,1,0,0,0
402422.jpg,1,0,0,0
402423.jpg,1,0,0,0
402424.jpg,0,1,0,0
402425.jpg,0,1,0,0
402426.jpg,0,1,0,0
402427.jpg,0,1,0,0
402428.jpg,0,1,0,0
402429.jpg,1,0,0,0
402430.jpg,0,0,1,0
402431.jpg,1,0,0,0
402432.jpg,0,1,0,0
402433.jpg,1,0,0,0
402434.jpg,0,1,0,0
402435.jpg,1,0,0,0
402436.jpg,1,0,0,0
402437.jpg,1,0,0,0
402438.jpg,0,1,0,0
402439.jpg,1,0,0,0
402440.jpg,1,0,0,0
402441.jpg,0,1,0,0
402442.jpg,1,0,0,0
402443.jpg,0,1,0,0
402444.jpg,0,1,0,0
402445.jpg,1,0,0,0
402446.jpg,1,0,0,0
402447.jpg,1,0,0,0
402448.jpg,0,1,0,0
402449.jpg,1,0,0,0
402450.jpg,1,0,0,0
402451.jpg,0,0,1,0
402452.jpg,0,1,0,0
402453.jpg,1,0,0,0
402454.jpg,0,0,1,0
402455.jpg,1,0,0,0
402456.jpg,1,0,0,0
402457.jpg,0,1,0,0
402458.jpg,0,1,0,0
402459.jpg,0,1,0,0
402460.jpg,0,1,0,0
402461.jpg,1,0,0,0
402462.jpg,1,0,0,0
402463.jpg,0,1,0,0
402465.jpg,0,1,0,0
402466.jpg,0,1,0,0
402467.jpg,0,1,0,0
402468.jpg,0,1,0,0
402469.jpg,1,0,0,0
402470.jpg,0,1,0,0
402471.jpg,1,0,0,0
402472.jpg,0,0,0,1
402473.jpg,0,1,0,0
402474.jpg,0,0,0,1
402475.jpg,0,1,0,0
402476.jpg,0,1,0,0
402477.jpg,0,1,0,0
402478.jpg,0,1,0,0
402479.jpg,1,0,0,0
402480.jpg,1,0,0,0
402481.jpg,0,1,0,0
402482.jpg,0,1,0,0
402483.jpg,0,1,0,0
402484.jpg,0,1,0,0
402485.jpg,0,1,0,0
402486.jpg,0,1,0,0
402487.jpg,0,1,0,0
402488.jpg,1,0,0,0
402489.jpg,0,0,1,0
402490.jpg,1,0,0,0
402491.jpg,0,1,0,0
402492.jpg,1,0,0,0
402493.jpg,1,0,0,0
402494.jpg,0,1,0,0
402495.jpg,0,0,1,0
402496.jpg,0,1,0,0
402497.jpg,1,0,0,0
402498.jpg,1,0,0,0
402499.jpg,1,0,0,0
402500.jpg,0,1,0,0
402501.jpg,0,1,0,0
402502.jpg,1,0,0,0
402503.jpg,0,1,0,0
402504.jpg,1,0,0,0
402505.jpg,1,0,0,0
402506.jpg,1,0,0,0
402507.jpg,1,0,0,0
402508.jpg,0,1,0,0
402509.jpg,0,0,0,1
402510.jpg,0,1,0,0
402511.jpg,1,0,0,0
402512.jpg,0,1,0,0
402513.jpg,0,1,0,0
402514.jpg,0,0,1,0
402515.jpg,1,0,0,0
402516.jpg,1,0,0,0
402517.jpg,0,1,0,0
402518.jpg,0,1,0,0
402519.jpg,1,0,0,0
402520.jpg,0,1,0,0
402521.jpg,0,0,0,1
402522.jpg,0,1,0,0
402523.jpg,0,1,0,0
402524.jpg,1,0,0,0
402525.jpg,1,0,0,0
402526.jpg,1,0,0,0
402527.jpg,1,0,0,0
402528.jpg,0,1,0,0
402529.jpg,0,1,0,0
402530.jpg,1,0,0,0
402531.jpg,0,1,0,0
402532.jpg,1,0,0,0
402533.jpg,0,1,0,0
402534.jpg,0,1,0,0
402535.jpg,0,1,0,0
402536.jpg,1,0,0,0
402537.jpg,0,1,0,0
402538.jpg,1,0,0,0
402539.jpg,1,0,0,0
402540.jpg,1,0,0,0
402541.jpg,1,0,0,0
402542.jpg,1,0,0,0
402543.jpg,1,0,0,0
402544.jpg,1,0,0,0
402545.jpg,1,0,0,0
402546.jpg,1,0,0,0
402547.jpg,0,1,0,0
402548.jpg,0,1,0,0
402549.jpg,0,0,0,1
402550.jpg,0,1,0,0
402551.jpg,0,1,0,0
402552.jpg,1,0,0,0
402553.jpg,0,1,0,0
402554.jpg,0,1,0,0
402555.jpg,1,0,0,0
402556.jpg,1,0,0,0
402557.jpg,1,0,0,0
402558.jpg,0,1,0,0
402559.jpg,1,0,0,0
402560.jpg,0,1,0,0
402561.jpg,0,0,0,1
402562.jpg,1,0,0,0
402563.jpg,1,0,0,0
402564.jpg,1,0,0,0
402565.jpg,0,1,0,0
402566.jpg,0,0,1,0
402567.jpg,1,0,0,0
402568.jpg,1,0,0,0
402569.jpg,1,0,0,0
402570.jpg,0,1,0,0
402571.jpg,0,1,0,0
402572.jpg,1,0,0,0
402573.jpg,1,0,0,0
402574.jpg,0,1,0,0
402575.jpg,0,1,0,0
402576.jpg,1,0,0,0
402577.jpg,1,0,0,0
402578.jpg,1,0,0,0
402579.jpg,1,0,0,0
402580.jpg,0,1,0,0
402581.jpg,0,1,0,0
402582.jpg,0,1,0,0
402583.jpg,0,1,0,0
402584.jpg,1,0,0,0
402585.jpg,1,0,0,0
402586.jpg,0,1,0,0
402587.jpg,0,1,0,0
402588.jpg,0,1,0,0
402589.jpg,0,1,0,0
402590.jpg,0,1,0,0
402591.jpg,1,0,0,0
402592.jpg,1,0,0,0
402593.jpg,1,0,0,0
402594.jpg,0,1,0,0
402595.jpg,0,1,0,0
402596.jpg,0,1,0,0
402597.jpg,0,0,1,0
402598.jpg,0,1,0,0
402599.jpg,0,1,0,0
402600.jpg,1,0,0,0
402601.jpg,0,1,0,0
402602.jpg,1,0,0,0
402603.jpg,1,0,0,0
402604.jpg,1,0,0,0
402605.jpg,0,1,0,0
402606.jpg,1,0,0,0
402607.jpg,0,1,0,0
402608.jpg,0,1,0,0
402609.jpg,1,0,0,0
402610.jpg,1,0,0,0
402611.jpg,1,0,0,0
402612.jpg,0,0,0,1
402613.jpg,1,0,0,0
402614.jpg,0,1,0,0
402615.jpg,1,0,0,0
402616.jpg,1,0,0,0
402617.jpg,0,1,0,0
402618.jpg,0,1,0,0
402619.jpg,0,1,0,0
402620.jpg,0,1,0,0
402621.jpg,1,0,0,0
402622.jpg,0,1,0,0
402623.jpg,1,0,0,0
402624.jpg,1,0,0,0
402625.jpg,0,1,0,0
402626.jpg,1,0,0,0
402627.jpg,1,0,0,0
402628.jpg,0,1,0,0
402629.jpg,0,1,0,0
402630.jpg,0,0,1,0
402631.jpg,0,1,0,0
402632.jpg,1,0,0,0
402633.jpg,1,0,0,0
402634.jpg,0,1,0,0
402635.jpg,0,1,0,0
402636.jpg,0,1,0,0
402637.jpg,0,1,0,0
402638.jpg,0,1,0,0
402639.jpg,0,1,0,0
402640.jpg,0,1,0,0
402641.jpg,1,0,0,0
402642.jpg,0,1,0,0
402643.jpg,0,1,0,0
402644.jpg,0,1,0,0
402645.jpg,1,0,0,0
402646.jpg,0,1,0,0
402647.jpg,0,0,1,0
402648.jpg,1,0,0,0
402649.jpg,0,1,0,0
402650.jpg,0,1,0,0
402651.jpg,1,0,0,0
402652.jpg,1,0,0,0
402653.jpg,1,0,0,0
402654.jpg,0,1,0,0
402655.jpg,1,0,0,0
402656.jpg,0,1,0,0
402657.jpg,0,1,0,0
402658.jpg,1,0,0,0
402659.jpg,0,1,0,0
402660.jpg,0,1,0,0
402661.jpg,0,0,1,0
402662.jpg,1,0,0,0
402663.jpg,1,0,0,0
402664.jpg,1,0,0,0
402665.jpg,1,0,0,0
402666.jpg,1,0,0,0
402667.jpg,1,0,0,0
402668.jpg,0,1,0,0
402669.jpg,0,1,0,0
402670.jpg,0,1,0,0
402671.jpg,1,0,0,0
402672.jpg,0,1,0,0
402673.jpg,1,0,0,0
402674.jpg,1,0,0,0
402675.jpg,0,1,0,0
402676.jpg,1,0,0,0
402677.jpg,0,1,0,0
402678.jpg,1,0,0,0
402679.jpg,0,1,0,0
402680.jpg,0,1,0,0
402681.jpg,0,1,0,0
402682.jpg,1,0,0,0
402683.jpg,1,0,0,0
402684.jpg,1,0,0,0
402685.jpg,0,1,0,0
402686.jpg,0,1,0,0
402687.jpg,0,1,0,0
402688.jpg,1,0,0,0
402689.jpg,0,1,0,0
402690.jpg,1,0,0,0
402691.jpg,0,1,0,0
402692.jpg,1,0,0,0
402693.jpg,1,0,0,0
402694.jpg,1,0,0,0
402695.jpg,0,1,0,0
402696.jpg,1,0,0,0
402697.jpg,0,1,0,0
402698.jpg,1,0,0,0
402699.jpg,1,0,0,0
402700.jpg,1,0,0,0
402701.jpg,1,0,0,0
402702.jpg,0,0,1,0
402703.jpg,1,0,0,0
402704.jpg,1,0,0,0
402705.jpg,0,1,0,0
402706.jpg,0,1,0,0
402707.jpg,0,0,0,1
402708.jpg,0,1,0,0
402709.jpg,0,1,0,0
402710.jpg,1,0,0,0
402711.jpg,0,0,0,1
402712.jpg,1,0,0,0
402713.jpg,1,0,0,0
402714.jpg,0,1,0,0
402715.jpg,1,0,0,0
402716.jpg,0,1,0,0
402717.jpg,1,0,0,0
402718.jpg,0,1,0,0
402719.jpg,0,1,0,0
402720.jpg,1,0,0,0
402721.jpg,0,1,0,0
402722.jpg,0,0,0,1
402723.jpg,0,1,0,0
402724.jpg,1,0,0,0
402725.jpg,0,1,0,0
402726.jpg,1,0,0,0
402727.jpg,0,0,1,0
402728.jpg,0,1,0,0
402729.jpg,1,0,0,0
402730.jpg,1,0,0,0
402731.jpg,1,0,0,0
402732.jpg,0,0,0,1
402733.jpg,1,0,0,0
402734.jpg,1,0,0,0
402735.jpg,1,0,0,0
402736.jpg,1,0,0,0
402737.jpg,0,1,0,0
402738.jpg,1,0,0,0
402739.jpg,0,1,0,0
402740.jpg,1,0,0,0
402741.jpg,0,0,0,1
402742.jpg,0,1,0,0
402743.jpg,0,1,0,0
402744.jpg,1,0,0,0
402745.jpg,0,1,0,0
402746.jpg,0,1,0,0
402747.jpg,0,1,0,0
402748.jpg,0,0,1,0
402749.jpg,1,0,0,0
402750.jpg,0,1,0,0
402751.jpg,0,1,0,0
402752.jpg,0,1,0,0
402753.jpg,1,0,0,0
402754.jpg,1,0,0,0
402755.jpg,0,1,0,0
402756.jpg,0,1,0,0
402757.jpg,0,1,0,0
402758.jpg,1,0,0,0
402759.jpg,0,1,0,0
402760.jpg,0,0,0,1
402761.jpg,0,1,0,0
402762.jpg,0,1,0,0
402763.jpg,0,1,0,0
402764.jpg,1,0,0,0
402765.jpg,1,0,0,0
402766.jpg,0,1,0,0
402767.jpg,0,0,0,1
402768.jpg,0,1,0,0
402769.jpg,1,0,0,0
402770.jpg,0,1,0,0
402771.jpg,0,0,1,0
402772.jpg,0,1,0,0
402773.jpg,0,1,0,0
402774.jpg,1,0,0,0
402775.jpg,1,0,0,0
402776.jpg,1,0,0,0
402777.jpg,0,1,0,0
402778.jpg,0,1,0,0
402779.jpg,0,1,0,0
402780.jpg,1,0,0,0
402781.jpg,0,1,0,0
402782.jpg,0,1,0,0
402783.jpg,1,0,0,0
402784.jpg,0,1,0,0
402785.jpg,1,0,0,0
402786.jpg,0,1,0,0
402787.jpg,0,1,0,0
402788.jpg,1,0,0,0
402789.jpg,1,0,0,0
402790.jpg,0,1,0,0
402791.jpg,1,0,0,0
402792.jpg,0,1,0,0
402793.jpg,1,0,0,0
402794.jpg,1,0,0,0
402795.jpg,1,0,0,0
402796.jpg,1,0,0,0
402797.jpg,1,0,0,0
402798.jpg,1,0,0,0
402799.jpg,1,0,0,0
402800.jpg,1,0,0,0
402801.jpg,1,0,0,0
402802.jpg,1,0,0,0
402803.jpg,1,0,0,0
402804.jpg,1,0,0,0
402805.jpg,0,1,0,0
402806.jpg,0,1,0,0
402807.jpg,0,1,0,0
402808.jpg,0,1,0,0
402809.jpg,0,1,0,0
402810.jpg,0,1,0,0
402811.jpg,1,0,0,0
402812.jpg,0,1,0,0
402813.jpg,0,1,0,0
402814.jpg,0,0,0,1
402815.jpg,1,0,0,0
402816.jpg,1,0,0,0
402817.jpg,0,1,0,0
402818.jpg,0,1,0,0
402819.jpg,0,1,0,0
402820.jpg,0,1,0,0
402821.jpg,0,1,0,0
402822.jpg,0,1,0,0
402823.jpg,1,0,0,0
402824.jpg,0,1,0,0
402825.jpg,1,0,0,0
402826.jpg,0,0,0,1
402827.jpg,1,0,0,0
402828.jpg,1,0,0,0
402829.jpg,1,0,0,0
402830.jpg,0,1,0,0
402831.jpg,1,0,0,0
402832.jpg,0,1,0,0
402833.jpg,1,0,0,0
402834.jpg,1,0,0,0
402835.jpg,1,0,0,0
402836.jpg,1,0,0,0
402837.jpg,1,0,0,0
402838.jpg,0,0,0,1
402839.jpg,1,0,0,0
402840.jpg,0,1,0,0
402841.jpg,1,0,0,0
402842.jpg,1,0,0,0
402843.jpg,1,0,0,0
402844.jpg,1,0,0,0
402845.jpg,0,1,0,0
402846.jpg,1,0,0,0
402847.jpg,1,0,0,0
402848.jpg,0,0,0,1
402849.jpg,1,0,0,0
402850.jpg,0,1,0,0
402851.jpg,0,1,0,0
402852.jpg,0,1,0,0
402853.jpg,1,0,0,0
402854.jpg,0,1,0,0
402855.jpg,0,1,0,0
402856.jpg,1,0,0,0
402857.jpg,1,0,0,0
402858.jpg,0,1,0,0
402859.jpg,0,1,0,0
402860.jpg,1,0,0,0
402861.jpg,1,0,0,0
402862.jpg,1,0,0,0
402863.jpg,0,1,0,0
402864.jpg,1,0,0,0
402865.jpg,1,0,0,0
402866.jpg,1,0,0,0
402867.jpg,0,1,0,0
402868.jpg,1,0,0,0
402869.jpg,1,0,0,0
402870.jpg,1,0,0,0
402871.jpg,1,0,0,0
402872.jpg,0,1,0,0
402873.jpg,1,0,0,0
402874.jpg,0,1,0,0
402875.jpg,1,0,0,0
402876.jpg,0,1,0,0
402877.jpg,0,0,1,0
402878.jpg,0,1,0,0
402879.jpg,0,1,0,0
402880.jpg,0,0,0,1
402881.jpg,1,0,0,0
402882.jpg,0,1,0,0
402883.jpg,1,0,0,0
402884.jpg,0,1,0,0
402885.jpg,0,1,0,0
402886.jpg,0,1,0,0
402887.jpg,0,1,0,0
402888.jpg,0,1,0,0
402889.jpg,1,0,0,0
402890.jpg,0,1,0,0
402891.jpg,1,0,0,0
402892.jpg,0,1,0,0
402893.jpg,1,0,0,0
402894.jpg,0,1,0,0
402895.jpg,1,0,0,0
402896.jpg,1,0,0,0
402897.jpg,0,1,0,0
402898.jpg,0,1,0,0
402899.jpg,1,0,0,0
402900.jpg,0,0,0,1
402901.jpg,1,0,0,0
402902.jpg,1,0,0,0
402903.jpg,0,1,0,0
402904.jpg,1,0,0,0
402905.jpg,0,1,0,0
402906.jpg,0,1,0,0
402907.jpg,0,1,0,0
402908.jpg,1,0,0,0
402909.jpg,0,1,0,0
402910.jpg,0,1,0,0
402911.jpg,1,0,0,0
402912.jpg,0,1,0,0
402913.jpg,1,0,0,0
402914.jpg,0,1,0,0
402915.jpg,0,1,0,0
402916.jpg,0,1,0,0
402917.jpg,1,0,0,0
402918.jpg,1,0,0,0
402919.jpg,1,0,0,0
402920.jpg,0,1,0,0
402921.jpg,1,0,0,0
402922.jpg,0,1,0,0
402923.jpg,0,1,0,0
402924.jpg,1,0,0,0
402925.jpg,0,1,0,0
402926.jpg,0,1,0,0
402927.jpg,1,0,0,0
402928.jpg,1,0,0,0
402929.jpg,1,0,0,0
402930.jpg,0,1,0,0
402931.jpg,0,1,0,0
402932.jpg,0,1,0,0
402933.jpg,0,1,0,0
402934.jpg,1,0,0,0
402935.jpg,0,1,0,0
402936.jpg,0,1,0,0
402937.jpg,0,1,0,0
402938.jpg,1,0,0,0
402939.jpg,0,1,0,0
402940.jpg,0,1,0,0
402941.jpg,0,1,0,0
402942.jpg,1,0,0,0
402943.jpg,1,0,0,0
402944.jpg,1,0,0,0
402945.jpg,0,0,0,1
402946.jpg,1,0,0,0
402947.jpg,0,1,0,0
402948.jpg,0,1,0,0
402949.jpg,0,1,0,0
402950.jpg,0,1,0,0
402951.jpg,1,0,0,0
402952.jpg,0,1,0,0
402953.jpg,0,1,0,0
402954.jpg,1,0,0,0
402955.jpg,0,1,0,0
402956.jpg,0,1,0,0
402957.jpg,0,1,0,0
402958.jpg,1,0,0,0
402959.jpg,0,0,1,0
402960.jpg,1,0,0,0
402961.jpg,0,0,1,0
402962.jpg,1,0,0,0
402963.jpg,1,0,0,0
402964.jpg,1,0,0,0
402965.jpg,1,0,0,0
402966.jpg,0,1,0,0
402967.jpg,0,0,0,1
402968.jpg,0,0,0,1
402969.jpg,0,0,1,0
402970.jpg,0,1,0,0
402971.jpg,1,0,0,0
402972.jpg,1,0,0,0
402973.jpg,0,1,0,0
402974.jpg,0,1,0,0
402975.jpg,1,0,0,0
402976.jpg,0,1,0,0
402977.jpg,0,1,0,0
402978.jpg,0,1,0,0
402979.jpg,0,1,0,0
402980.jpg,1,0,0,0
402981.jpg,0,1,0,0
402982.jpg,0,1,0,0
402983.jpg,0,0,0,1
402984.jpg,0,1,0,0
402985.jpg,1,0,0,0
402986.jpg,1,0,0,0
402987.jpg,1,0,0,0
402988.jpg,1,0,0,0
402989.jpg,1,0,0,0
402990.jpg,0,0,1,0
402991.jpg,1,0,0,0
402992.jpg,1,0,0,0
402993.jpg,0,1,0,0
402994.jpg,1,0,0,0
402995.jpg,1,0,0,0
402996.jpg,1,0,0,0
402997.jpg,1,0,0,0
402998.jpg,1,0,0,0
402999.jpg,0,1,0,0
403000.jpg,0,1,0,0
403001.jpg,0,1,0,0
403002.jpg,0,1,0,0
403003.jpg,0,0,1,0
403004.jpg,1,0,0,0
403005.jpg,1,0,0,0
403006.jpg,1,0,0,0
403007.jpg,1,0,0,0
403008.jpg,1,0,0,0
403009.jpg,0,1,0,0
403010.jpg,0,1,0,0
403011.jpg,1,0,0,0
403012.jpg,1,0,0,0
403013.jpg,0,1,0,0
403014.jpg,0,1,0,0
403015.jpg,0,1,0,0
403016.jpg,1,0,0,0
403017.jpg,0,1,0,0
403018.jpg,0,1,0,0
403019.jpg,1,0,0,0
403020.jpg,1,0,0,0
403021.jpg,0,1,0,0
403022.jpg,0,1,0,0
403023.jpg,0,1,0,0
403024.jpg,0,1,0,0
403025.jpg,0,1,0,0
403026.jpg,0,1,0,0
403027.jpg,0,1,0,0
403028.jpg,0,1,0,0
403029.jpg,1,0,0,0
403030.jpg,0,1,0,0
403031.jpg,1,0,0,0
403032.jpg,0,1,0,0
403033.jpg,0,1,0,0
403034.jpg,1,0,0,0
403035.jpg,0,0,0,1
403036.jpg,1,0,0,0
403037.jpg,1,0,0,0
403038.jpg,1,0,0,0
403039.jpg,1,0,0,0
403040.jpg,1,0,0,0
403041.jpg,0,0,1,0
403042.jpg,0,0,1,0
403043.jpg,0,1,0,0
403044.jpg,0,1,0,0
403045.jpg,0,1,0,0
403046.jpg,0,1,0,0
403047.jpg,0,1,0,0
403048.jpg,0,1,0,0
403049.jpg,1,0,0,0
403050.jpg,1,0,0,0
403051.jpg,1,0,0,0
403052.jpg,0,1,0,0
403053.jpg,0,1,0,0
403054.jpg,0,1,0,0
403055.jpg,0,1,0,0
403056.jpg,0,1,0,0
403057.jpg,0,1,0,0
403058.jpg,0,1,0,0
403059.jpg,0,1,0,0
403060.jpg,0,1,0,0
403061.jpg,0,1,0,0
403062.jpg,0,1,0,0
403063.jpg,0,1,0,0
403064.jpg,1,0,0,0
403065.jpg,0,0,0,1
403066.jpg,1,0,0,0
403067.jpg,0,1,0,0
403068.jpg,0,1,0,0
403069.jpg,1,0,0,0
403070.jpg,1,0,0,0
403071.jpg,0,0,0,1
403072.jpg,0,1,0,0
403073.jpg,0,0,1,0
403074.jpg,0,1,0,0
403075.jpg,1,0,0,0
403076.jpg,1,0,0,0
403077.jpg,0,1,0,0
403078.jpg,0,1,0,0
403079.jpg,1,0,0,0
403080.jpg,0,1,0,0
403081.jpg,1,0,0,0
403082.jpg,1,0,0,0
403083.jpg,0,1,0,0
403084.jpg,1,0,0,0
403085.jpg,0,1,0,0
403086.jpg,1,0,0,0
403087.jpg,1,0,0,0
403088.jpg,0,1,0,0
403089.jpg,0,0,0,1
403090.jpg,1,0,0,0
403091.jpg,0,1,0,0
403092.jpg,0,1,0,0
403093.jpg,1,0,0,0
403094.jpg,0,0,1,0
403095.jpg,0,1,0,0
403096.jpg,0,1,0,0
403097.jpg,0,1,0,0
403098.jpg,0,1,0,0
403099.jpg,1,0,0,0
403100.jpg,0,1,0,0
403101.jpg,0,1,0,0
403102.jpg,0,1,0,0
403103.jpg,0,1,0,0
403104.jpg,1,0,0,0
403105.jpg,0,1,0,0
403106.jpg,1,0,0,0
403107.jpg,1,0,0,0
403108.jpg,1,0,0,0
403109.jpg,1,0,0,0
403110.jpg,0,1,0,0
403111.jpg,1,0,0,0
403112.jpg,1,0,0,0
403113.jpg,1,0,0,0
403114.jpg,0,1,0,0
403115.jpg,1,0,0,0
403116.jpg,0,0,1,0
403117.jpg,0,1,0,0
403118.jpg,1,0,0,0
403119.jpg,1,0,0,0
403120.jpg,1,0,0,0
403121.jpg,1,0,0,0
403122.jpg,1,0,0,0
403123.jpg,0,1,0,0
403124.jpg,0,0,1,0
403125.jpg,1,0,0,0
403126.jpg,1,0,0,0
403127.jpg,1,0,0,0
403128.jpg,0,1,0,0
403129.jpg,1,0,0,0
403130.jpg,0,1,0,0
403131.jpg,0,1,0,0
403132.jpg,0,1,0,0
403133.jpg,1,0,0,0
403134.jpg,0,1,0,0
403135.jpg,0,1,0,0
403136.jpg,1,0,0,0
403137.jpg,1,0,0,0
403138.jpg,1,0,0,0
403139.jpg,0,1,0,0
403140.jpg,1,0,0,0
403141.jpg,1,0,0,0
403142.jpg,1,0,0,0
403143.jpg,0,1,0,0
403144.jpg,0,1,0,0
403145.jpg,0,1,0,0
403146.jpg,1,0,0,0
403147.jpg,0,1,0,0
403148.jpg,0,1,0,0
403149.jpg,1,0,0,0
403150.jpg,0,1,0,0
403151.jpg,0,1,0,0
403152.jpg,1,0,0,0
403153.jpg,1,0,0,0
403154.jpg,1,0,0,0
403155.jpg,1,0,0,0
403156.jpg,1,0,0,0
403157.jpg,0,1,0,0
403158.jpg,0,1,0,0
403159.jpg,0,1,0,0
403160.jpg,0,1,0,0
403161.jpg,1,0,0,0
403162.jpg,1,0,0,0
403163.jpg,0,1,0,0
403164.jpg,0,1,0,0
403165.jpg,1,0,0,0
403166.jpg,0,1,0,0
403167.jpg,0,1,0,0
403168.jpg,0,0,1,0
403169.jpg,1,0,0,0
403170.jpg,1,0,0,0
403171.jpg,0,1,0,0
403172.jpg,0,1,0,0
403173.jpg,0,1,0,0
403174.jpg,0,0,0,1
403175.jpg,0,0,0,1
403176.jpg,0,1,0,0
403177.jpg,1,0,0,0
403178.jpg,0,1,0,0
403179.jpg,1,0,0,0
403180.jpg,0,1,0,0
403181.jpg,0,1,0,0
403182.jpg,0,1,0,0
403183.jpg,1,0,0,0
403184.jpg,0,0,1,0
403185.jpg,1,0,0,0
403186.jpg,0,1,0,0
403187.jpg,0,1,0,0
403188.jpg,0,1,0,0
403189.jpg,0,1,0,0
403190.jpg,1,0,0,0
403191.jpg,1,0,0,0
403192.jpg,1,0,0,0
403193.jpg,1,0,0,0
403194.jpg,1,0,0,0
403195.jpg,1,0,0,0
403196.jpg,0,0,0,1
403197.jpg,0,1,0,0
403198.jpg,0,1,0,0
403199.jpg,0,1,0,0
403200.jpg,0,0,1,0
403201.jpg,0,1,0,0
403202.jpg,1,0,0,0
403203.jpg,0,1,0,0
403204.jpg,1,0,0,0
403205.jpg,0,0,1,0
403206.jpg,1,0,0,0
403207.jpg,0,1,0,0
403208.jpg,0,1,0,0
403209.jpg,1,0,0,0
403210.jpg,1,0,0,0
403211.jpg,1,0,0,0
403212.jpg,1,0,0,0
403213.jpg,1,0,0,0
403215.jpg,1,0,0,0
403216.jpg,0,1,0,0
403217.jpg,0,1,0,0
403218.jpg,0,1,0,0
403219.jpg,0,1,0,0
403220.jpg,1,0,0,0
403221.jpg,1,0,0,0
403222.jpg,0,1,0,0
403223.jpg,0,1,0,0
403224.jpg,0,0,0,1
403225.jpg,1,0,0,0
403226.jpg,0,0,1,0
403227.jpg,0,1,0,0
403228.jpg,1,0,0,0
403229.jpg,0,1,0,0
403230.jpg,0,1,0,0
403231.jpg,1,0,0,0
403232.jpg,0,1,0,0
403233.jpg,1,0,0,0
403234.jpg,0,0,0,1
403235.jpg,1,0,0,0
403236.jpg,1,0,0,0
403237.jpg,1,0,0,0
403238.jpg,0,1,0,0
403239.jpg,0,1,0,0
403240.jpg,1,0,0,0
403241.jpg,0,1,0,0
403242.jpg,1,0,0,0
403243.jpg,1,0,0,0
403244.jpg,0,1,0,0
403245.jpg,1,0,0,0
403246.jpg,0,1,0,0
403247.jpg,0,1,0,0
403248.jpg,1,0,0,0
403249.jpg,0,1,0,0
403250.jpg,0,1,0,0
403251.jpg,0,1,0,0
403252.jpg,1,0,0,0
403253.jpg,1,0,0,0
403254.jpg,1,0,0,0
403255.jpg,1,0,0,0
403256.jpg,1,0,0,0
403257.jpg,0,1,0,0
403258.jpg,1,0,0,0
403259.jpg,0,1,0,0
403260.jpg,1,0,0,0
403261.jpg,0,1,0,0
403262.jpg,1,0,0,0
403263.jpg,0,1,0,0
403264.jpg,1,0,0,0
403265.jpg,0,0,0,1
403266.jpg,1,0,0,0
403267.jpg,1,0,0,0
403268.jpg,0,1,0,0
403269.jpg,0,0,0,1
403270.jpg,0,1,0,0
403271.jpg,0,0,0,1
403272.jpg,1,0,0,0
403273.jpg,1,0,0,0
403274.jpg,1,0,0,0
403275.jpg,1,0,0,0
403276.jpg,0,1,0,0
403277.jpg,0,1,0,0
403278.jpg,0,1,0,0
403279.jpg,1,0,0,0
403280.jpg,1,0,0,0
403281.jpg,0,0,0,1
403282.jpg,1,0,0,0
403283.jpg,1,0,0,0
403284.jpg,1,0,0,0
403285.jpg,1,0,0,0
403286.jpg,1,0,0,0
403287.jpg,0,1,0,0
403288.jpg,1,0,0,0
403289.jpg,1,0,0,0
403290.jpg,0,1,0,0
403291.jpg,0,1,0,0
403292.jpg,0,1,0,0
403293.jpg,1,0,0,0
403294.jpg,0,1,0,0
403295.jpg,0,1,0,0
403296.jpg,0,1,0,0
403297.jpg,1,0,0,0
403298.jpg,1,0,0,0
403299.jpg,1,0,0,0
403300.jpg,1,0,0,0
403301.jpg,1,0,0,0
403302.jpg,0,1,0,0
403303.jpg,1,0,0,0
403304.jpg,0,1,0,0
403306.jpg,1,0,0,0
403307.jpg,0,1,0,0
403309.jpg,1,0,0,0
403310.jpg,0,1,0,0
403311.jpg,0,1,0,0
403312.jpg,0,1,0,0
403313.jpg,0,1,0,0
403314.jpg,1,0,0,0
403315.jpg,0,1,0,0
403316.jpg,0,1,0,0
403317.jpg,0,1,0,0
403318.jpg,1,0,0,0
403319.jpg,1,0,0,0
403320.jpg,0,0,0,1
403321.jpg,1,0,0,0
403322.jpg,1,0,0,0
403323.jpg,0,1,0,0
403324.jpg,0,1,0,0
403325.jpg,1,0,0,0
403326.jpg,0,1,0,0
403327.jpg,0,1,0,0
403328.jpg,0,1,0,0
403329.jpg,0,1,0,0
403330.jpg,1,0,0,0
403331.jpg,0,1,0,0
403332.jpg,0,1,0,0
403333.jpg,1,0,0,0
403334.jpg,0,1,0,0
403335.jpg,1,0,0,0
403336.jpg,1,0,0,0
403337.jpg,0,0,0,1
403338.jpg,1,0,0,0
403339.jpg,0,1,0,0
403340.jpg,1,0,0,0
403341.jpg,0,1,0,0
403342.jpg,1,0,0,0
403343.jpg,0,0,1,0
403344.jpg,0,1,0,0
403345.jpg,1,0,0,0
403346.jpg,0,1,0,0
403347.jpg,0,1,0,0
403348.jpg,1,0,0,0
403349.jpg,0,1,0,0
403350.jpg,1,0,0,0
403351.jpg,0,1,0,0
403352.jpg,0,1,0,0
403353.jpg,0,0,1,0
403354.jpg,0,1,0,0
403355.jpg,1,0,0,0
403356.jpg,1,0,0,0
403357.jpg,1,0,0,0
403358.jpg,1,0,0,0
403359.jpg,0,1,0,0
403360.jpg,0,1,0,0
403361.jpg,1,0,0,0
403362.jpg,0,1,0,0
403363.jpg,0,1,0,0
403364.jpg,0,1,0,0
403365.jpg,0,1,0,0
403366.jpg,1,0,0,0
403367.jpg,0,0,1,0
403368.jpg,0,1,0,0
403369.jpg,0,1,0,0
403370.jpg,0,1,0,0
403371.jpg,1,0,0,0
403372.jpg,1,0,0,0
403373.jpg,1,0,0,0
403374.jpg,0,0,1,0
403375.jpg,0,1,0,0
403376.jpg,1,0,0,0
403377.jpg,0,1,0,0
403378.jpg,1,0,0,0
403379.jpg,0,1,0,0
403380.jpg,0,0,0,1
403381.jpg,1,0,0,0
403382.jpg,0,1,0,0
403383.jpg,1,0,0,0
403384.jpg,0,0,0,1
403385.jpg,0,1,0,0
403386.jpg,0,1,0,0
403387.jpg,1,0,0,0
403388.jpg,0,1,0,0
403389.jpg,1,0,0,0
403390.jpg,0,1,0,0
403391.jpg,0,1,0,0
403392.jpg,1,0,0,0
403393.jpg,1,0,0,0
403394.jpg,0,1,0,0
403395.jpg,0,1,0,0
403396.jpg,1,0,0,0
403397.jpg,0,1,0,0
403398.jpg,0,1,0,0
403399.jpg,0,1,0,0
403400.jpg,0,1,0,0
403401.jpg,1,0,0,0
403402.jpg,0,1,0,0
403403.jpg,1,0,0,0
403404.jpg,0,1,0,0
403405.jpg,1,0,0,0
403406.jpg,0,1,0,0
403407.jpg,0,1,0,0
403408.jpg,0,1,0,0
403409.jpg,0,1,0,0
403410.jpg,0,0,0,1
403411.jpg,1,0,0,0
403412.jpg,1,0,0,0
403413.jpg,0,1,0,0
403414.jpg,1,0,0,0
403415.jpg,0,1,0,0
403416.jpg,0,1,0,0
403417.jpg,1,0,0,0
403418.jpg,1,0,0,0
403419.jpg,0,0,1,0
403420.jpg,1,0,0,0
403421.jpg,0,1,0,0
403422.jpg,1,0,0,0
403423.jpg,1,0,0,0
403424.jpg,0,1,0,0
403425.jpg,0,0,1,0
403426.jpg,0,1,0,0
403427.jpg,1,0,0,0
403428.jpg,1,0,0,0
403429.jpg,0,0,0,1
403430.jpg,0,1,0,0
403431.jpg,0,1,0,0
403432.jpg,1,0,0,0
403433.jpg,0,1,0,0
403434.jpg,0,1,0,0
403435.jpg,1,0,0,0
403436.jpg,1,0,0,0
403437.jpg,1,0,0,0
403438.jpg,1,0,0,0
403439.jpg,1,0,0,0
403440.jpg,0,1,0,0
403442.jpg,0,1,0,0
403443.jpg,1,0,0,0
403444.jpg,0,1,0,0
403445.jpg,1,0,0,0
403446.jpg,0,1,0,0
403447.jpg,0,1,0,0
403448.jpg,1,0,0,0
403449.jpg,0,1,0,0
403450.jpg,1,0,0,0
403451.jpg,1,0,0,0
403452.jpg,0,1,0,0
403453.jpg,0,1,0,0
403454.jpg,0,1,0,0
403455.jpg,1,0,0,0
403456.jpg,0,1,0,0
403457.jpg,0,1,0,0
403458.jpg,1,0,0,0
403459.jpg,0,0,0,1
403460.jpg,0,0,1,0
403461.jpg,1,0,0,0
403462.jpg,1,0,0,0
403463.jpg,0,1,0,0
403464.jpg,0,1,0,0
403465.jpg,0,1,0,0
403466.jpg,0,1,0,0
403467.jpg,0,1,0,0
403468.jpg,0,1,0,0
403469.jpg,1,0,0,0
403470.jpg,1,0,0,0
403471.jpg,1,0,0,0
403472.jpg,0,1,0,0
403473.jpg,0,1,0,0
403474.jpg,0,0,1,0
403475.jpg,1,0,0,0
403476.jpg,1,0,0,0
403477.jpg,0,1,0,0
403478.jpg,0,1,0,0
403479.jpg,1,0,0,0
403480.jpg,1,0,0,0
403481.jpg,0,1,0,0
403482.jpg,0,0,0,1
403483.jpg,1,0,0,0
403484.jpg,1,0,0,0
403485.jpg,0,1,0,0
403486.jpg,0,0,0,1
403487.jpg,1,0,0,0
403488.jpg,1,0,0,0
403489.jpg,1,0,0,0
403490.jpg,1,0,0,0
403491.jpg,0,1,0,0
403492.jpg,1,0,0,0
403493.jpg,0,1,0,0
403494.jpg,0,1,0,0
403495.jpg,1,0,0,0
403496.jpg,1,0,0,0
403497.jpg,1,0,0,0
403498.jpg,0,1,0,0
403499.jpg,0,1,0,0
403500.jpg,1,0,0,0
403501.jpg,0,1,0,0
403502.jpg,0,1,0,0
403503.jpg,0,1,0,0
403504.jpg,0,1,0,0
403505.jpg,1,0,0,0
403506.jpg,0,1,0,0
403507.jpg,0,1,0,0
403508.jpg,1,0,0,0
403509.jpg,1,0,0,0
403510.jpg,1,0,0,0
403511.jpg,0,1,0,0
403512.jpg,0,1,0,0
403513.jpg,0,1,0,0
403514.jpg,0,0,0,1
403515.jpg,1,0,0,0
403516.jpg,0,1,0,0
403517.jpg,1,0,0,0
403518.jpg,1,0,0,0
403519.jpg,0,1,0,0
403520.jpg,0,1,0,0
403521.jpg,0,0,0,1
403522.jpg,1,0,0,0
403523.jpg,1,0,0,0
403524.jpg,0,0,1,0
403525.jpg,1,0,0,0
403526.jpg,0,1,0,0
403527.jpg,0,1,0,0
403528.jpg,0,1,0,0
403529.jpg,0,1,0,0
403530.jpg,1,0,0,0
403531.jpg,1,0,0,0
403532.jpg,0,1,0,0
403533.jpg,0,1,0,0
403534.jpg,0,1,0,0
403536.jpg,1,0,0,0
403537.jpg,1,0,0,0
403538.jpg,0,1,0,0
403539.jpg,1,0,0,0
403540.jpg,0,1,0,0
403541.jpg,1,0,0,0
403542.jpg,0,1,0,0
403543.jpg,1,0,0,0
403544.jpg,0,1,0,0
403545.jpg,1,0,0,0
403546.jpg,0,1,0,0
403547.jpg,0,1,0,0
403548.jpg,1,0,0,0
403549.jpg,0,1,0,0
403550.jpg,0,1,0,0
403551.jpg,1,0,0,0
403552.jpg,1,0,0,0
403553.jpg,1,0,0,0
403554.jpg,0,1,0,0
403555.jpg,1,0,0,0
403556.jpg,0,1,0,0
403557.jpg,0,1,0,0
403558.jpg,0,1,0,0
403559.jpg,0,1,0,0
403560.jpg,1,0,0,0
403561.jpg,1,0,0,0
403562.jpg,0,1,0,0
403563.jpg,0,1,0,0
403564.jpg,0,1,0,0
403565.jpg,0,1,0,0
403566.jpg,0,1,0,0
403567.jpg,1,0,0,0
403568.jpg,0,1,0,0
403569.jpg,0,1,0,0
403570.jpg,0,0,1,0
403571.jpg,0,1,0,0
403572.jpg,0,1,0,0
403573.jpg,0,1,0,0
403574.jpg,1,0,0,0
403575.jpg,1,0,0,0
403576.jpg,0,1,0,0
403577.jpg,0,1,0,0
403578.jpg,0,1,0,0
403579.jpg,0,1,0,0
403580.jpg,0,0,1,0
403581.jpg,0,1,0,0
403582.jpg,1,0,0,0
403583.jpg,1,0,0,0
403584.jpg,1,0,0,0
403585.jpg,1,0,0,0
403586.jpg,0,1,0,0
403587.jpg,1,0,0,0
403588.jpg,1,0,0,0
403589.jpg,0,1,0,0
403590.jpg,1,0,0,0
403591.jpg,0,1,0,0
403592.jpg,0,1,0,0
403593.jpg,1,0,0,0
403594.jpg,1,0,0,0
403595.jpg,0,1,0,0
403596.jpg,1,0,0,0
403597.jpg,0,1,0,0
403598.jpg,1,0,0,0
403599.jpg,1,0,0,0
403600.jpg,1,0,0,0
403601.jpg,0,1,0,0
403603.jpg,0,0,1,0
403604.jpg,0,0,0,1
403605.jpg,1,0,0,0
403606.jpg,0,1,0,0
403607.jpg,0,1,0,0
403608.jpg,0,1,0,0
403609.jpg,1,0,0,0
403610.jpg,0,1,0,0
403611.jpg,0,1,0,0
403612.jpg,0,1,0,0
403613.jpg,0,1,0,0
403614.jpg,1,0,0,0
403615.jpg,0,0,1,0
403616.jpg,0,1,0,0
403617.jpg,0,1,0,0
403618.jpg,1,0,0,0
403619.jpg,0,0,0,1
403620.jpg,1,0,0,0
403621.jpg,1,0,0,0
403622.jpg,1,0,0,0
403623.jpg,1,0,0,0
403624.jpg,0,1,0,0
403625.jpg,1,0,0,0
403626.jpg,0,1,0,0
403627.jpg,0,0,1,0
403628.jpg,1,0,0,0
403629.jpg,1,0,0,0
403630.jpg,1,0,0,0
403631.jpg,1,0,0,0
403632.jpg,0,1,0,0
403633.jpg,1,0,0,0
403634.jpg,1,0,0,0
403635.jpg,1,0,0,0
403636.jpg,1,0,0,0
403637.jpg,1,0,0,0
403638.jpg,1,0,0,0
403639.jpg,1,0,0,0
403640.jpg,0,1,0,0
403641.jpg,1,0,0,0
403642.jpg,0,1,0,0
403643.jpg,0,1,0,0
403644.jpg,0,1,0,0
403645.jpg,0,1,0,0
403646.jpg,1,0,0,0
403647.jpg,1,0,0,0
403648.jpg,1,0,0,0
403649.jpg,0,1,0,0
403650.jpg,1,0,0,0
403651.jpg,0,1,0,0
403652.jpg,1,0,0,0
403653.jpg,0,1,0,0
403654.jpg,0,1,0,0
403655.jpg,1,0,0,0
403656.jpg,0,1,0,0
403657.jpg,1,0,0,0
403658.jpg,0,1,0,0
403659.jpg,0,1,0,0
403660.jpg,1,0,0,0
403661.jpg,0,0,1,0
403662.jpg,1,0,0,0
403663.jpg,0,1,0,0
403664.jpg,0,1,0,0
403665.jpg,0,1,0,0
403666.jpg,1,0,0,0
403667.jpg,1,0,0,0
403668.jpg,0,1,0,0
403669.jpg,0,1,0,0
403670.jpg,1,0,0,0
403671.jpg,0,1,0,0
403672.jpg,0,1,0,0
403673.jpg,1,0,0,0
403674.jpg,1,0,0,0
403675.jpg,0,1,0,0
403676.jpg,1,0,0,0
403677.jpg,1,0,0,0
403678.jpg,0,1,0,0
403679.jpg,0,1,0,0
403680.jpg,0,1,0,0
403681.jpg,0,1,0,0
403682.jpg,1,0,0,0
403683.jpg,1,0,0,0
403684.jpg,0,1,0,0
403685.jpg,1,0,0,0
403686.jpg,0,1,0,0
403687.jpg,1,0,0,0
403688.jpg,1,0,0,0
403689.jpg,0,0,0,1
403690.jpg,0,1,0,0
403691.jpg,0,1,0,0
403692.jpg,0,1,0,0
403693.jpg,1,0,0,0
403694.jpg,1,0,0,0
403695.jpg,1,0,0,0
403696.jpg,0,1,0,0
403697.jpg,0,0,1,0
403698.jpg,0,0,1,0
403699.jpg,1,0,0,0
403700.jpg,1,0,0,0
403701.jpg,0,1,0,0
403702.jpg,0,1,0,0
403703.jpg,1,0,0,0
403704.jpg,0,1,0,0
403705.jpg,1,0,0,0
403706.jpg,0,1,0,0
403707.jpg,0,1,0,0
403708.jpg,0,1,0,0
403709.jpg,0,1,0,0
403710.jpg,0,0,1,0
403711.jpg,1,0,0,0
403712.jpg,0,0,1,0
403713.jpg,0,1,0,0
403714.jpg,1,0,0,0
403715.jpg,0,0,0,1
403716.jpg,1,0,0,0
403717.jpg,0,1,0,0
403718.jpg,0,1,0,0
403719.jpg,0,0,1,0
403720.jpg,0,1,0,0
403721.jpg,1,0,0,0
403722.jpg,1,0,0,0
403723.jpg,0,1,0,0
403724.jpg,1,0,0,0
403725.jpg,1,0,0,0
403726.jpg,1,0,0,0
403727.jpg,0,0,1,0
403728.jpg,1,0,0,0
403729.jpg,0,1,0,0
403730.jpg,1,0,0,0
403731.jpg,0,1,0,0
403732.jpg,0,0,0,1
403733.jpg,1,0,0,0
403734.jpg,1,0,0,0
403735.jpg,0,1,0,0
403736.jpg,1,0,0,0
403737.jpg,1,0,0,0
403738.jpg,1,0,0,0
403739.jpg,1,0,0,0
403740.jpg,0,1,0,0
403741.jpg,0,1,0,0
403742.jpg,1,0,0,0
403743.jpg,0,1,0,0
403744.jpg,0,1,0,0
403745.jpg,0,1,0,0
403746.jpg,0,1,0,0
403747.jpg,1,0,0,0
403748.jpg,1,0,0,0
403749.jpg,1,0,0,0
403750.jpg,0,1,0,0
403751.jpg,0,1,0,0
403752.jpg,1,0,0,0
403753.jpg,1,0,0,0
403754.jpg,0,1,0,0
403755.jpg,1,0,0,0
403756.jpg,0,1,0,0
403757.jpg,0,1,0,0
403758.jpg,0,0,0,1
403759.jpg,1,0,0,0
403760.jpg,0,0,0,1
403761.jpg,0,1,0,0
403762.jpg,1,0,0,0
403763.jpg,1,0,0,0
403764.jpg,0,1,0,0
403765.jpg,0,1,0,0
403766.jpg,1,0,0,0
403767.jpg,1,0,0,0
403768.jpg,1,0,0,0
403769.jpg,0,0,0,1
403770.jpg,1,0,0,0
403771.jpg,1,0,0,0
403772.jpg,1,0,0,0
403773.jpg,1,0,0,0
403774.jpg,0,0,1,0
403775.jpg,1,0,0,0
403776.jpg,1,0,0,0
403777.jpg,1,0,0,0
403778.jpg,0,1,0,0
403779.jpg,0,0,0,1
403780.jpg,0,1,0,0
403781.jpg,1,0,0,0
403782.jpg,1,0,0,0
403783.jpg,0,1,0,0
403784.jpg,0,1,0,0
403785.jpg,1,0,0,0
403786.jpg,0,1,0,0
403787.jpg,1,0,0,0
403788.jpg,0,1,0,0
403789.jpg,1,0,0,0
403790.jpg,1,0,0,0
403791.jpg,1,0,0,0
403792.jpg,0,0,0,1
403793.jpg,0,1,0,0
403794.jpg,0,1,0,0
403795.jpg,1,0,0,0
403796.jpg,0,1,0,0
403797.jpg,1,0,0,0
403798.jpg,1,0,0,0
403799.jpg,1,0,0,0
403800.jpg,0,1,0,0
403801.jpg,1,0,0,0
403802.jpg,1,0,0,0
403803.jpg,0,1,0,0
403804.jpg,0,1,0,0
403805.jpg,0,1,0,0
403806.jpg,1,0,0,0
403807.jpg,1,0,0,0
403808.jpg,1,0,0,0
403809.jpg,0,1,0,0
403810.jpg,0,1,0,0
403811.jpg,0,1,0,0
403812.jpg,1,0,0,0
403813.jpg,0,1,0,0
403814.jpg,1,0,0,0
403815.jpg,1,0,0,0
403816.jpg,0,1,0,0
403817.jpg,0,0,1,0
403818.jpg,0,1,0,0
403819.jpg,1,0,0,0
403820.jpg,0,1,0,0
403821.jpg,0,1,0,0
403822.jpg,1,0,0,0
403823.jpg,1,0,0,0
403824.jpg,0,0,1,0
403825.jpg,1,0,0,0
403826.jpg,1,0,0,0
403827.jpg,0,1,0,0
403828.jpg,1,0,0,0
403829.jpg,0,1,0,0
403830.jpg,1,0,0,0
403831.jpg,0,1,0,0
403832.jpg,1,0,0,0
403833.jpg,0,1,0,0
403834.jpg,1,0,0,0
403835.jpg,0,0,0,1
403836.jpg,1,0,0,0
403837.jpg,0,1,0,0
403838.jpg,1,0,0,0
403839.jpg,0,1,0,0
403840.jpg,1,0,0,0
403841.jpg,1,0,0,0
403842.jpg,0,1,0,0
403843.jpg,0,1,0,0
403844.jpg,0,1,0,0
403845.jpg,0,1,0,0
403846.jpg,0,1,0,0
403847.jpg,0,0,1,0
403848.jpg,0,1,0,0
403849.jpg,1,0,0,0
403850.jpg,0,1,0,0
403851.jpg,0,1,0,0
403852.jpg,1,0,0,0
403853.jpg,0,1,0,0
403854.jpg,1,0,0,0
403855.jpg,0,1,0,0
403856.jpg,1,0,0,0
403857.jpg,1,0,0,0
403858.jpg,0,1,0,0
403859.jpg,1,0,0,0
403860.jpg,1,0,0,0
403861.jpg,0,1,0,0
403862.jpg,0,0,0,1
403863.jpg,0,1,0,0
403864.jpg,1,0,0,0
403866.jpg,0,0,1,0
403867.jpg,0,1,0,0
403868.jpg,1,0,0,0
403869.jpg,1,0,0,0
403870.jpg,0,0,0,1
403871.jpg,1,0,0,0
403872.jpg,1,0,0,0
403873.jpg,0,1,0,0
403874.jpg,0,1,0,0
403875.jpg,1,0,0,0
403876.jpg,1,0,0,0
403877.jpg,0,1,0,0
403878.jpg,1,0,0,0
403879.jpg,0,1,0,0
403880.jpg,1,0,0,0
403881.jpg,0,1,0,0
403882.jpg,0,1,0,0
403883.jpg,1,0,0,0
403884.jpg,0,0,1,0
403885.jpg,1,0,0,0
403886.jpg,0,1,0,0
403887.jpg,1,0,0,0
403888.jpg,0,1,0,0
403889.jpg,1,0,0,0
403891.jpg,1,0,0,0
403892.jpg,0,1,0,0
403893.jpg,0,1,0,0
403894.jpg,1,0,0,0
403895.jpg,0,0,1,0
403896.jpg,1,0,0,0
403897.jpg,1,0,0,0
403898.jpg,1,0,0,0
403899.jpg,1,0,0,0
403900.jpg,1,0,0,0
403901.jpg,0,1,0,0
403902.jpg,0,1,0,0
403903.jpg,1,0,0,0
403904.jpg,1,0,0,0
403905.jpg,1,0,0,0
403906.jpg,0,1,0,0
403907.jpg,0,0,1,0
403908.jpg,1,0,0,0
403909.jpg,0,1,0,0
403910.jpg,0,1,0,0
403911.jpg,1,0,0,0
403912.jpg,1,0,0,0
403913.jpg,0,1,0,0
403914.jpg,0,1,0,0
403915.jpg,1,0,0,0
403916.jpg,1,0,0,0
403917.jpg,0,1,0,0
403918.jpg,0,0,1,0
403919.jpg,0,1,0,0
403920.jpg,0,1,0,0
403921.jpg,0,1,0,0
403922.jpg,0,1,0,0
403923.jpg,1,0,0,0
403924.jpg,0,1,0,0
403925.jpg,0,0,0,1
403926.jpg,0,1,0,0
403927.jpg,0,1,0,0
403928.jpg,0,1,0,0
403929.jpg,0,1,0,0
403930.jpg,0,0,1,0
403931.jpg,0,1,0,0
403932.jpg,1,0,0,0
403933.jpg,1,0,0,0
403934.jpg,1,0,0,0
403935.jpg,1,0,0,0
403936.jpg,0,1,0,0
403937.jpg,1,0,0,0
403938.jpg,0,1,0,0
403939.jpg,1,0,0,0
403940.jpg,0,1,0,0
403941.jpg,1,0,0,0
403942.jpg,1,0,0,0
403943.jpg,1,0,0,0
403944.jpg,1,0,0,0
403945.jpg,0,1,0,0
403946.jpg,0,1,0,0
403947.jpg,0,0,0,1
403948.jpg,1,0,0,0
403949.jpg,1,0,0,0
403950.jpg,1,0,0,0
403951.jpg,0,1,0,0
403952.jpg,0,0,0,1
403953.jpg,0,1,0,0
403954.jpg,0,0,0,1
403955.jpg,0,1,0,0
403956.jpg,0,1,0,0
403957.jpg,1,0,0,0
403958.jpg,0,1,0,0
403959.jpg,0,1,0,0
403960.jpg,1,0,0,0
403961.jpg,0,1,0,0
403962.jpg,1,0,0,0
403963.jpg,0,1,0,0
403964.jpg,0,1,0,0
403965.jpg,1,0,0,0
403966.jpg,1,0,0,0
403967.jpg,0,1,0,0
403968.jpg,0,0,0,1
403969.jpg,0,1,0,0
403970.jpg,0,1,0,0
403971.jpg,0,1,0,0
403972.jpg,1,0,0,0
403973.jpg,1,0,0,0
403974.jpg,0,1,0,0
403975.jpg,1,0,0,0
403976.jpg,0,1,0,0
403977.jpg,1,0,0,0
403978.jpg,0,1,0,0
403979.jpg,0,1,0,0
403980.jpg,0,1,0,0
403981.jpg,0,1,0,0
403982.jpg,0,1,0,0
403983.jpg,0,1,0,0
403984.jpg,1,0,0,0
403985.jpg,0,1,0,0
403986.jpg,1,0,0,0
403987.jpg,0,1,0,0
403988.jpg,0,1,0,0
403989.jpg,1,0,0,0
403990.jpg,0,1,0,0
403991.jpg,1,0,0,0
403992.jpg,1,0,0,0
403993.jpg,1,0,0,0
403994.jpg,0,1,0,0
403995.jpg,0,1,0,0
403996.jpg,0,1,0,0
403997.jpg,1,0,0,0
403998.jpg,1,0,0,0
403999.jpg,1,0,0,0
404000.jpg,0,1,0,0
404001.jpg,0,1,0,0
404002.jpg,1,0,0,0
404003.jpg,1,0,0,0
404004.jpg,0,1,0,0
404005.jpg,1,0,0,0
404006.jpg,0,1,0,0
404007.jpg,0,1,0,0
404008.jpg,0,1,0,0
404009.jpg,1,0,0,0
404010.jpg,0,0,0,1
404011.jpg,1,0,0,0
404012.jpg,1,0,0,0
404013.jpg,1,0,0,0
404014.jpg,0,1,0,0
404015.jpg,1,0,0,0
404016.jpg,0,1,0,0
404017.jpg,1,0,0,0
404018.jpg,0,0,1,0
404019.jpg,1,0,0,0
404020.jpg,0,1,0,0
404021.jpg,0,1,0,0
404022.jpg,0,1,0,0
404023.jpg,0,1,0,0
404024.jpg,0,1,0,0
404025.jpg,0,1,0,0
404026.jpg,0,1,0,0
404027.jpg,1,0,0,0
404028.jpg,0,1,0,0
404029.jpg,1,0,0,0
404030.jpg,1,0,0,0
404031.jpg,0,1,0,0
404032.jpg,1,0,0,0
404033.jpg,0,1,0,0
404034.jpg,0,1,0,0
404035.jpg,0,1,0,0
404036.jpg,1,0,0,0
404037.jpg,0,1,0,0
404038.jpg,1,0,0,0
404039.jpg,1,0,0,0
404040.jpg,0,1,0,0
404041.jpg,1,0,0,0
404042.jpg,1,0,0,0
404043.jpg,1,0,0,0
404044.jpg,1,0,0,0
404045.jpg,1,0,0,0
404046.jpg,1,0,0,0
404047.jpg,1,0,0,0
404048.jpg,0,1,0,0
404049.jpg,1,0,0,0
404050.jpg,0,1,0,0
404051.jpg,1,0,0,0
404052.jpg,1,0,0,0
404053.jpg,0,1,0,0
404054.jpg,1,0,0,0
404055.jpg,1,0,0,0
404056.jpg,0,0,0,1
404057.jpg,0,1,0,0
404058.jpg,0,1,0,0
404059.jpg,1,0,0,0
404060.jpg,0,0,0,1
404061.jpg,0,1,0,0
404062.jpg,1,0,0,0
404063.jpg,1,0,0,0
404064.jpg,0,1,0,0
404065.jpg,0,1,0,0
404066.jpg,0,1,0,0
404067.jpg,1,0,0,0
404068.jpg,0,1,0,0
404069.jpg,1,0,0,0
404070.jpg,1,0,0,0
404071.jpg,1,0,0,0
404072.jpg,1,0,0,0
404073.jpg,0,1,0,0
404074.jpg,0,1,0,0
404075.jpg,0,1,0,0
404076.jpg,1,0,0,0
404077.jpg,1,0,0,0
404078.jpg,0,0,0,1
404079.jpg,1,0,0,0
404080.jpg,0,1,0,0
404081.jpg,1,0,0,0
404082.jpg,0,1,0,0
404083.jpg,0,1,0,0
404084.jpg,1,0,0,0
404085.jpg,0,1,0,0
404086.jpg,1,0,0,0
404087.jpg,0,1,0,0
404088.jpg,0,1,0,0
404089.jpg,1,0,0,0
404090.jpg,0,1,0,0
404091.jpg,1,0,0,0
404092.jpg,1,0,0,0
404093.jpg,1,0,0,0
404094.jpg,1,0,0,0
404095.jpg,0,0,0,1
404096.jpg,1,0,0,0
404097.jpg,0,1,0,0
404098.jpg,0,1,0,0
404099.jpg,0,1,0,0
404100.jpg,0,1,0,0
404101.jpg,0,0,1,0
404102.jpg,1,0,0,0
404103.jpg,0,1,0,0
404104.jpg,1,0,0,0
404105.jpg,0,1,0,0
404106.jpg,1,0,0,0
404107.jpg,1,0,0,0
404108.jpg,1,0,0,0
404109.jpg,0,1,0,0
404110.jpg,0,0,1,0
404111.jpg,0,1,0,0
404112.jpg,0,1,0,0
404113.jpg,1,0,0,0
404114.jpg,1,0,0,0
404115.jpg,0,1,0,0
404116.jpg,1,0,0,0
404117.jpg,0,1,0,0
404118.jpg,0,1,0,0
404119.jpg,0,1,0,0
404120.jpg,0,0,0,1
404121.jpg,1,0,0,0
404122.jpg,1,0,0,0
404123.jpg,1,0,0,0
404124.jpg,0,1,0,0
404125.jpg,1,0,0,0
404126.jpg,1,0,0,0
404127.jpg,0,1,0,0
404128.jpg,0,1,0,0
404129.jpg,0,1,0,0
404130.jpg,0,1,0,0
404131.jpg,0,1,0,0
404132.jpg,1,0,0,0
404133.jpg,1,0,0,0
404134.jpg,0,1,0,0
404135.jpg,1,0,0,0
404136.jpg,0,1,0,0
404137.jpg,1,0,0,0
404138.jpg,1,0,0,0
404139.jpg,0,1,0,0
404140.jpg,0,1,0,0
404141.jpg,1,0,0,0
404142.jpg,1,0,0,0
404143.jpg,1,0,0,0
404144.jpg,1,0,0,0
404145.jpg,0,1,0,0
404146.jpg,0,1,0,0
404147.jpg,1,0,0,0
404148.jpg,1,0,0,0
404149.jpg,0,0,1,0
404150.jpg,0,1,0,0
404151.jpg,1,0,0,0
404152.jpg,0,1,0,0
404153.jpg,0,1,0,0
404154.jpg,1,0,0,0
404155.jpg,0,1,0,0
404156.jpg,0,1,0,0
404157.jpg,0,1,0,0
404158.jpg,0,1,0,0
404159.jpg,1,0,0,0
404160.jpg,0,1,0,0
404161.jpg,0,1,0,0
404162.jpg,0,0,1,0
404163.jpg,1,0,0,0
404164.jpg,0,1,0,0
404165.jpg,0,1,0,0
404166.jpg,0,1,0,0
404167.jpg,0,1,0,0
404168.jpg,1,0,0,0
404169.jpg,0,1,0,0
404170.jpg,1,0,0,0
404171.jpg,0,0,0,1
404172.jpg,0,1,0,0
404173.jpg,1,0,0,0
404174.jpg,0,1,0,0
404175.jpg,0,1,0,0
404176.jpg,0,1,0,0
404177.jpg,0,1,0,0
404178.jpg,0,1,0,0
404179.jpg,0,1,0,0
404180.jpg,1,0,0,0
404181.jpg,0,1,0,0
404182.jpg,0,0,0,1
404183.jpg,0,1,0,0
404184.jpg,0,1,0,0
404185.jpg,1,0,0,0
404186.jpg,0,1,0,0
404187.jpg,0,1,0,0
404188.jpg,1,0,0,0
404189.jpg,1,0,0,0
404190.jpg,1,0,0,0
404191.jpg,1,0,0,0
404192.jpg,1,0,0,0
404193.jpg,1,0,0,0
404194.jpg,0,1,0,0
404195.jpg,1,0,0,0
404196.jpg,0,1,0,0
404197.jpg,1,0,0,0
404198.jpg,0,0,1,0
404199.jpg,1,0,0,0
404200.jpg,0,1,0,0
404201.jpg,0,1,0,0
404202.jpg,1,0,0,0
404203.jpg,1,0,0,0
404204.jpg,0,1,0,0
404205.jpg,1,0,0,0
404206.jpg,0,1,0,0
404207.jpg,1,0,0,0
404208.jpg,0,1,0,0
404209.jpg,1,0,0,0
404210.jpg,1,0,0,0
404211.jpg,1,0,0,0
404212.jpg,1,0,0,0
404213.jpg,0,1,0,0
404214.jpg,0,1,0,0
404215.jpg,0,1,0,0
404216.jpg,1,0,0,0
404217.jpg,0,1,0,0
404218.jpg,0,1,0,0
404219.jpg,1,0,0,0
404220.jpg,0,1,0,0
404221.jpg,0,1,0,0
404222.jpg,0,1,0,0
404223.jpg,1,0,0,0
404224.jpg,0,1,0,0
404225.jpg,1,0,0,0
404226.jpg,0,1,0,0
404227.jpg,1,0,0,0
404228.jpg,1,0,0,0
404229.jpg,1,0,0,0
404230.jpg,1,0,0,0
404231.jpg,0,1,0,0
404232.jpg,1,0,0,0
404233.jpg,0,1,0,0
404234.jpg,0,1,0,0
404235.jpg,1,0,0,0
404236.jpg,1,0,0,0
404237.jpg,1,0,0,0
404238.jpg,0,1,0,0
404239.jpg,1,0,0,0
404240.jpg,1,0,0,0
404241.jpg,1,0,0,0
404242.jpg,0,0,1,0
404243.jpg,0,1,0,0
404244.jpg,1,0,0,0
404245.jpg,1,0,0,0
404246.jpg,0,1,0,0
404247.jpg,1,0,0,0
404248.jpg,0,1,0,0
404249.jpg,1,0,0,0
404250.jpg,1,0,0,0
404251.jpg,1,0,0,0
404252.jpg,1,0,0,0
404253.jpg,1,0,0,0
404254.jpg,1,0,0,0
404255.jpg,1,0,0,0
404256.jpg,0,1,0,0
404257.jpg,1,0,0,0
404258.jpg,0,1,0,0
404259.jpg,0,1,0,0
404260.jpg,1,0,0,0
404261.jpg,1,0,0,0
404262.jpg,1,0,0,0
404263.jpg,1,0,0,0
404264.jpg,0,1,0,0
404265.jpg,1,0,0,0
404266.jpg,1,0,0,0
404267.jpg,0,1,0,0
404268.jpg,1,0,0,0
404269.jpg,0,1,0,0
404270.jpg,0,0,1,0
404271.jpg,0,0,0,1
404272.jpg,1,0,0,0
404273.jpg,1,0,0,0
404274.jpg,0,1,0,0
404275.jpg,0,1,0,0
404276.jpg,0,0,1,0
404277.jpg,0,0,1,0
404278.jpg,1,0,0,0
404279.jpg,0,1,0,0
404280.jpg,0,1,0,0
404281.jpg,0,1,0,0
404282.jpg,1,0,0,0
404283.jpg,1,0,0,0
404284.jpg,0,1,0,0
404285.jpg,1,0,0,0
404286.jpg,0,1,0,0
404287.jpg,0,1,0,0
404288.jpg,0,1,0,0
404289.jpg,0,1,0,0
404290.jpg,1,0,0,0
404291.jpg,0,1,0,0
404292.jpg,0,0,1,0
404293.jpg,0,1,0,0
404294.jpg,0,1,0,0
404295.jpg,0,1,0,0
404296.jpg,1,0,0,0
404297.jpg,0,0,0,1
404298.jpg,0,1,0,0
404299.jpg,1,0,0,0
404300.jpg,0,1,0,0
404301.jpg,0,1,0,0
404302.jpg,0,1,0,0
404303.jpg,0,0,0,1
404304.jpg,1,0,0,0
404305.jpg,0,1,0,0
404306.jpg,1,0,0,0
404307.jpg,0,1,0,0
404308.jpg,0,1,0,0
404309.jpg,0,1,0,0
404310.jpg,1,0,0,0
404311.jpg,0,1,0,0
404312.jpg,1,0,0,0
404313.jpg,1,0,0,0
404314.jpg,0,1,0,0
404315.jpg,1,0,0,0
404316.jpg,1,0,0,0
404317.jpg,0,1,0,0
404318.jpg,1,0,0,0
404319.jpg,0,1,0,0
404320.jpg,1,0,0,0
404321.jpg,1,0,0,0
404322.jpg,1,0,0,0
404323.jpg,0,0,1,0
404324.jpg,0,0,1,0
404325.jpg,0,1,0,0
404327.jpg,0,0,1,0
404328.jpg,0,1,0,0
404329.jpg,1,0,0,0
404330.jpg,0,1,0,0
404331.jpg,0,1,0,0
404332.jpg,1,0,0,0
404333.jpg,1,0,0,0
404334.jpg,1,0,0,0
404335.jpg,1,0,0,0
404336.jpg,0,1,0,0
404337.jpg,1,0,0,0
404338.jpg,0,0,1,0
404339.jpg,1,0,0,0
404340.jpg,0,1,0,0
404341.jpg,1,0,0,0
404342.jpg,0,1,0,0
404343.jpg,0,1,0,0
404344.jpg,1,0,0,0
404345.jpg,1,0,0,0
404346.jpg,1,0,0,0
404347.jpg,0,1,0,0
404348.jpg,0,1,0,0
404349.jpg,0,0,1,0
404350.jpg,0,1,0,0
404351.jpg,1,0,0,0
404352.jpg,0,1,0,0
404353.jpg,0,1,0,0
404354.jpg,0,1,0,0
404355.jpg,0,0,1,0
404356.jpg,0,0,0,1
404357.jpg,0,1,0,0
404358.jpg,0,1,0,0
404359.jpg,0,1,0,0
404360.jpg,1,0,0,0
404361.jpg,1,0,0,0
404362.jpg,0,1,0,0
404363.jpg,1,0,0,0
404364.jpg,1,0,0,0
404365.jpg,0,1,0,0
404366.jpg,0,1,0,0
404367.jpg,1,0,0,0
404368.jpg,0,0,0,1
404369.jpg,0,1,0,0
404370.jpg,0,1,0,0
404371.jpg,1,0,0,0
404372.jpg,1,0,0,0
404373.jpg,1,0,0,0
404374.jpg,0,1,0,0
404375.jpg,1,0,0,0
404376.jpg,1,0,0,0
404377.jpg,1,0,0,0
404378.jpg,1,0,0,0
404379.jpg,0,1,0,0
404380.jpg,0,1,0,0
404381.jpg,0,0,0,1
404382.jpg,1,0,0,0
404383.jpg,1,0,0,0
404384.jpg,0,1,0,0
404385.jpg,0,1,0,0
404386.jpg,1,0,0,0
404387.jpg,1,0,0,0
404388.jpg,0,1,0,0
404389.jpg,0,1,0,0
404390.jpg,0,1,0,0
404391.jpg,1,0,0,0
404392.jpg,1,0,0,0
404393.jpg,0,1,0,0
404394.jpg,0,1,0,0
404395.jpg,1,0,0,0
404396.jpg,1,0,0,0
404397.jpg,1,0,0,0
404398.jpg,1,0,0,0
404399.jpg,0,1,0,0
404400.jpg,0,1,0,0
404401.jpg,0,1,0,0
404402.jpg,1,0,0,0
404403.jpg,0,1,0,0
404404.jpg,1,0,0,0
404405.jpg,0,1,0,0
404406.jpg,1,0,0,0
404407.jpg,1,0,0,0
404408.jpg,0,1,0,0
404409.jpg,0,1,0,0
404410.jpg,0,1,0,0
404411.jpg,0,1,0,0
404412.jpg,0,1,0,0
404413.jpg,0,1,0,0
404414.jpg,0,1,0,0
404415.jpg,0,1,0,0
404416.jpg,1,0,0,0
404417.jpg,1,0,0,0
404418.jpg,1,0,0,0
404419.jpg,0,1,0,0
404420.jpg,1,0,0,0
404421.jpg,0,1,0,0
404422.jpg,1,0,0,0
404423.jpg,1,0,0,0
404424.jpg,0,1,0,0
404425.jpg,0,1,0,0
404426.jpg,1,0,0,0
404427.jpg,1,0,0,0
404428.jpg,0,1,0,0
404429.jpg,1,0,0,0
404430.jpg,1,0,0,0
404431.jpg,0,1,0,0
404432.jpg,0,1,0,0
404433.jpg,1,0,0,0
404434.jpg,1,0,0,0
404435.jpg,1,0,0,0
404436.jpg,1,0,0,0
404437.jpg,1,0,0,0
404438.jpg,1,0,0,0
404439.jpg,0,1,0,0
404440.jpg,0,1,0,0
404441.jpg,0,1,0,0
404442.jpg,0,1,0,0
404443.jpg,1,0,0,0
404444.jpg,1,0,0,0
404445.jpg,1,0,0,0
404446.jpg,0,1,0,0
404447.jpg,0,1,0,0
404448.jpg,0,0,1,0
404449.jpg,0,1,0,0
404450.jpg,1,0,0,0
404451.jpg,1,0,0,0
404452.jpg,0,1,0,0
404453.jpg,1,0,0,0
404454.jpg,1,0,0,0
404455.jpg,0,1,0,0
404456.jpg,1,0,0,0
404457.jpg,0,0,1,0
404458.jpg,0,1,0,0
404459.jpg,0,1,0,0
404460.jpg,1,0,0,0
404461.jpg,0,1,0,0
404462.jpg,0,1,0,0
404463.jpg,0,1,0,0
404464.jpg,1,0,0,0
404465.jpg,1,0,0,0
404466.jpg,1,0,0,0
404467.jpg,0,1,0,0
404468.jpg,0,1,0,0
404469.jpg,0,1,0,0
404471.jpg,0,1,0,0
404472.jpg,1,0,0,0
404473.jpg,0,0,1,0
404474.jpg,1,0,0,0
404475.jpg,1,0,0,0
404476.jpg,1,0,0,0
404477.jpg,0,1,0,0
404478.jpg,1,0,0,0
404479.jpg,1,0,0,0
404480.jpg,0,1,0,0
404481.jpg,1,0,0,0
404482.jpg,1,0,0,0
404483.jpg,0,1,0,0
404484.jpg,1,0,0,0
404485.jpg,1,0,0,0
404486.jpg,1,0,0,0
404487.jpg,0,0,1,0
404488.jpg,0,0,0,1
404489.jpg,1,0,0,0
404490.jpg,0,0,0,1
404491.jpg,1,0,0,0
404492.jpg,1,0,0,0
404493.jpg,1,0,0,0
404494.jpg,1,0,0,0
404495.jpg,0,1,0,0
404496.jpg,1,0,0,0
404497.jpg,0,1,0,0
404498.jpg,0,1,0,0
404499.jpg,0,0,1,0
404500.jpg,1,0,0,0
404501.jpg,0,1,0,0
404502.jpg,1,0,0,0
404503.jpg,0,1,0,0
404504.jpg,0,0,1,0
404505.jpg,1,0,0,0
404506.jpg,1,0,0,0
404507.jpg,0,0,1,0
404508.jpg,0,1,0,0
404509.jpg,1,0,0,0
404510.jpg,0,1,0,0
404511.jpg,1,0,0,0
404512.jpg,1,0,0,0
404513.jpg,0,1,0,0
404514.jpg,1,0,0,0
404515.jpg,0,1,0,0
404516.jpg,1,0,0,0
404517.jpg,0,1,0,0
404518.jpg,0,1,0,0
404519.jpg,1,0,0,0
404520.jpg,0,0,0,1
404521.jpg,0,1,0,0
404522.jpg,0,1,0,0
404523.jpg,0,0,1,0
404524.jpg,0,1,0,0
404525.jpg,1,0,0,0
404526.jpg,0,0,1,0
404527.jpg,0,1,0,0
404528.jpg,1,0,0,0
404529.jpg,1,0,0,0
404530.jpg,0,1,0,0
404531.jpg,0,1,0,0
404532.jpg,1,0,0,0
404533.jpg,0,0,0,1
404534.jpg,1,0,0,0
404535.jpg,0,1,0,0
404536.jpg,1,0,0,0
404537.jpg,0,1,0,0
404538.jpg,1,0,0,0
404539.jpg,0,1,0,0
404540.jpg,0,1,0,0
404541.jpg,0,1,0,0
404542.jpg,0,1,0,0
404543.jpg,1,0,0,0
404544.jpg,1,0,0,0
404545.jpg,0,0,1,0
404546.jpg,1,0,0,0
404547.jpg,1,0,0,0
404548.jpg,0,0,1,0
404549.jpg,0,1,0,0
404550.jpg,1,0,0,0
404551.jpg,1,0,0,0
404552.jpg,0,1,0,0
404553.jpg,1,0,0,0
404554.jpg,1,0,0,0
404555.jpg,1,0,0,0
404556.jpg,0,1,0,0
404557.jpg,1,0,0,0
404558.jpg,0,1,0,0
404559.jpg,0,1,0,0
404560.jpg,0,1,0,0
404561.jpg,0,1,0,0
404562.jpg,0,1,0,0
404563.jpg,1,0,0,0
404564.jpg,0,1,0,0
404565.jpg,0,1,0,0
404566.jpg,1,0,0,0
404567.jpg,0,1,0,0
404568.jpg,0,1,0,0
404569.jpg,1,0,0,0
404570.jpg,1,0,0,0
404571.jpg,1,0,0,0
404572.jpg,1,0,0,0
404573.jpg,1,0,0,0
404574.jpg,1,0,0,0
404575.jpg,0,1,0,0
404576.jpg,1,0,0,0
404577.jpg,1,0,0,0
404578.jpg,0,1,0,0
404579.jpg,0,0,1,0
404580.jpg,1,0,0,0
404581.jpg,1,0,0,0
404582.jpg,0,1,0,0
404583.jpg,0,1,0,0
404584.jpg,0,1,0,0
404585.jpg,1,0,0,0
404586.jpg,0,1,0,0
404587.jpg,1,0,0,0
404588.jpg,0,1,0,0
404589.jpg,1,0,0,0
404590.jpg,0,1,0,0
404591.jpg,0,1,0,0
404592.jpg,1,0,0,0
404593.jpg,0,0,1,0
404594.jpg,0,0,0,1
404595.jpg,1,0,0,0
404596.jpg,0,0,1,0
404597.jpg,1,0,0,0
404598.jpg,0,0,0,1
404599.jpg,0,0,0,1
404600.jpg,0,1,0,0
404601.jpg,1,0,0,0
404602.jpg,1,0,0,0
404603.jpg,0,1,0,0
404604.jpg,0,1,0,0
404605.jpg,1,0,0,0
404606.jpg,0,1,0,0
404607.jpg,1,0,0,0
404608.jpg,1,0,0,0
404609.jpg,0,1,0,0
404610.jpg,1,0,0,0
404611.jpg,0,1,0,0
404612.jpg,1,0,0,0
404613.jpg,0,1,0,0
404614.jpg,1,0,0,0
404615.jpg,0,1,0,0
404616.jpg,0,1,0,0
404617.jpg,1,0,0,0
404618.jpg,0,1,0,0
404619.jpg,0,1,0,0
404620.jpg,0,1,0,0
404621.jpg,0,1,0,0
404622.jpg,0,0,1,0
404623.jpg,0,1,0,0
404624.jpg,1,0,0,0
404625.jpg,0,1,0,0
404626.jpg,1,0,0,0
404627.jpg,1,0,0,0
404628.jpg,0,1,0,0
404629.jpg,0,1,0,0
404630.jpg,0,0,1,0
404631.jpg,0,0,1,0
404632.jpg,1,0,0,0
404633.jpg,1,0,0,0
404634.jpg,0,0,1,0
404635.jpg,0,1,0,0
404636.jpg,1,0,0,0
404637.jpg,1,0,0,0
404638.jpg,0,1,0,0
404639.jpg,0,0,0,1
404640.jpg,1,0,0,0
404641.jpg,1,0,0,0
404642.jpg,1,0,0,0
404643.jpg,0,1,0,0
404645.jpg,0,1,0,0
404646.jpg,1,0,0,0
404647.jpg,0,1,0,0
404648.jpg,0,0,1,0
404649.jpg,1,0,0,0
404650.jpg,1,0,0,0
404651.jpg,1,0,0,0
404652.jpg,1,0,0,0
404653.jpg,1,0,0,0
404654.jpg,0,0,1,0
404655.jpg,0,1,0,0
404656.jpg,1,0,0,0
404657.jpg,0,1,0,0
404658.jpg,0,1,0,0
404659.jpg,0,1,0,0
404660.jpg,0,1,0,0
404661.jpg,0,0,1,0
404662.jpg,0,1,0,0
404663.jpg,1,0,0,0
404664.jpg,0,1,0,0
404665.jpg,1,0,0,0
404666.jpg,1,0,0,0
404667.jpg,0,1,0,0
404668.jpg,0,0,0,1
404669.jpg,1,0,0,0
404670.jpg,0,1,0,0
404671.jpg,0,1,0,0
404672.jpg,0,1,0,0
404673.jpg,0,1,0,0
404674.jpg,1,0,0,0
404676.jpg,0,1,0,0
404677.jpg,0,1,0,0
404678.jpg,1,0,0,0
404679.jpg,0,1,0,0
404680.jpg,1,0,0,0
404681.jpg,0,1,0,0
404682.jpg,0,1,0,0
404683.jpg,1,0,0,0
404684.jpg,1,0,0,0
404685.jpg,1,0,0,0
404686.jpg,0,1,0,0
404687.jpg,1,0,0,0
404688.jpg,0,1,0,0
404689.jpg,0,1,0,0
404690.jpg,0,1,0,0
404691.jpg,0,1,0,0
404692.jpg,0,1,0,0
404693.jpg,1,0,0,0
404694.jpg,0,1,0,0
404695.jpg,1,0,0,0
404696.jpg,0,1,0,0
404697.jpg,1,0,0,0
404698.jpg,0,1,0,0
404699.jpg,0,1,0,0
404700.jpg,0,0,1,0
404701.jpg,1,0,0,0
404702.jpg,0,1,0,0
404703.jpg,1,0,0,0
404704.jpg,1,0,0,0
404705.jpg,1,0,0,0
404706.jpg,1,0,0,0
404707.jpg,1,0,0,0
404708.jpg,1,0,0,0
404709.jpg,1,0,0,0
404710.jpg,0,1,0,0
404711.jpg,0,1,0,0
404712.jpg,1,0,0,0
404713.jpg,0,1,0,0
404714.jpg,0,0,1,0
404715.jpg,0,1,0,0
404716.jpg,0,1,0,0
404717.jpg,0,1,0,0
404718.jpg,1,0,0,0
404719.jpg,0,0,0,1
404720.jpg,1,0,0,0
404721.jpg,0,0,1,0
404722.jpg,0,1,0,0
404723.jpg,0,0,0,1
404724.jpg,1,0,0,0
404725.jpg,1,0,0,0
404726.jpg,0,1,0,0
404727.jpg,1,0,0,0
404728.jpg,1,0,0,0
404729.jpg,1,0,0,0
404730.jpg,0,1,0,0
404731.jpg,0,1,0,0
404732.jpg,1,0,0,0
404733.jpg,0,1,0,0
404734.jpg,0,1,0,0
404735.jpg,0,1,0,0
404736.jpg,1,0,0,0
404737.jpg,0,0,0,1
404738.jpg,0,1,0,0
404739.jpg,0,1,0,0
404740.jpg,0,1,0,0
404741.jpg,1,0,0,0
404742.jpg,0,1,0,0
404743.jpg,1,0,0,0
404744.jpg,1,0,0,0
404745.jpg,0,1,0,0
404746.jpg,1,0,0,0
404747.jpg,0,0,0,1
404748.jpg,0,0,0,1
404749.jpg,0,1,0,0
404750.jpg,1,0,0,0
404751.jpg,0,1,0,0
404752.jpg,0,1,0,0
404753.jpg,0,1,0,0
404754.jpg,0,1,0,0
404755.jpg,0,1,0,0
404756.jpg,0,1,0,0
404757.jpg,0,0,0,1
404758.jpg,0,1,0,0
404759.jpg,1,0,0,0
404760.jpg,1,0,0,0
404761.jpg,0,1,0,0
404762.jpg,1,0,0,0
404763.jpg,1,0,0,0
404765.jpg,0,1,0,0
404766.jpg,0,1,0,0
404767.jpg,0,1,0,0
404768.jpg,0,0,0,1
404769.jpg,1,0,0,0
404770.jpg,1,0,0,0
404771.jpg,1,0,0,0
404772.jpg,0,1,0,0
404773.jpg,0,1,0,0
404774.jpg,1,0,0,0
404775.jpg,1,0,0,0
404776.jpg,0,1,0,0
404777.jpg,0,1,0,0
404778.jpg,0,1,0,0
404779.jpg,0,1,0,0
404780.jpg,1,0,0,0
404781.jpg,0,1,0,0
404782.jpg,1,0,0,0
404783.jpg,1,0,0,0
404784.jpg,0,0,0,1
404785.jpg,1,0,0,0
404786.jpg,1,0,0,0
404787.jpg,0,1,0,0
404788.jpg,0,1,0,0
404789.jpg,0,1,0,0
404790.jpg,1,0,0,0
404791.jpg,0,1,0,0
404792.jpg,0,0,1,0
404793.jpg,0,1,0,0
404794.jpg,0,0,1,0
404795.jpg,1,0,0,0
404796.jpg,0,1,0,0
404797.jpg,0,1,0,0
404798.jpg,1,0,0,0
404799.jpg,1,0,0,0
404800.jpg,1,0,0,0
404801.jpg,1,0,0,0
404802.jpg,0,1,0,0
404803.jpg,0,1,0,0
404804.jpg,0,1,0,0
404805.jpg,1,0,0,0
404806.jpg,1,0,0,0
404807.jpg,0,1,0,0
404808.jpg,1,0,0,0
404809.jpg,1,0,0,0
404810.jpg,0,1,0,0
404811.jpg,1,0,0,0
404812.jpg,1,0,0,0
404813.jpg,1,0,0,0
404814.jpg,1,0,0,0
404815.jpg,0,0,0,1
404816.jpg,1,0,0,0
404817.jpg,0,1,0,0
404818.jpg,1,0,0,0
404819.jpg,1,0,0,0
404820.jpg,0,1,0,0
404821.jpg,0,1,0,0
404822.jpg,1,0,0,0
404823.jpg,0,1,0,0
404824.jpg,0,1,0,0
404825.jpg,1,0,0,0
404826.jpg,1,0,0,0
404827.jpg,0,1,0,0
404828.jpg,1,0,0,0
404829.jpg,0,1,0,0
404830.jpg,0,1,0,0
404831.jpg,0,1,0,0
404832.jpg,0,1,0,0
404833.jpg,0,1,0,0
404834.jpg,1,0,0,0
404835.jpg,0,1,0,0
404836.jpg,1,0,0,0
404837.jpg,1,0,0,0
404838.jpg,0,1,0,0
404839.jpg,1,0,0,0
404840.jpg,0,1,0,0
404841.jpg,0,1,0,0
404842.jpg,0,1,0,0
404843.jpg,0,1,0,0
404844.jpg,0,1,0,0
404845.jpg,1,0,0,0
404846.jpg,0,1,0,0
404847.jpg,0,1,0,0
404848.jpg,0,1,0,0
404849.jpg,1,0,0,0
404850.jpg,0,1,0,0
404851.jpg,1,0,0,0
404852.jpg,0,1,0,0
404853.jpg,1,0,0,0
404854.jpg,0,1,0,0
404855.jpg,0,1,0,0
404856.jpg,1,0,0,0
404857.jpg,1,0,0,0
404858.jpg,1,0,0,0
404859.jpg,0,1,0,0
404860.jpg,0,1,0,0
404861.jpg,0,1,0,0
404862.jpg,1,0,0,0
404863.jpg,0,0,1,0
404864.jpg,1,0,0,0
404865.jpg,1,0,0,0
404866.jpg,1,0,0,0
404867.jpg,1,0,0,0
404868.jpg,0,1,0,0
404869.jpg,1,0,0,0
404870.jpg,1,0,0,0
404871.jpg,1,0,0,0
404872.jpg,1,0,0,0
404873.jpg,0,1,0,0
404874.jpg,1,0,0,0
404875.jpg,0,1,0,0
404876.jpg,0,1,0,0
404877.jpg,1,0,0,0
404878.jpg,1,0,0,0
404879.jpg,1,0,0,0
404880.jpg,1,0,0,0
404881.jpg,1,0,0,0
404882.jpg,0,1,0,0
404883.jpg,1,0,0,0
404884.jpg,0,1,0,0
404885.jpg,1,0,0,0
404886.jpg,0,1,0,0
404887.jpg,1,0,0,0
404888.jpg,1,0,0,0
404889.jpg,0,1,0,0
404890.jpg,0,1,0,0
404891.jpg,0,1,0,0
404892.jpg,0,1,0,0
404893.jpg,0,1,0,0
404894.jpg,0,1,0,0
404895.jpg,1,0,0,0
404896.jpg,0,1,0,0
404897.jpg,1,0,0,0
404898.jpg,0,0,1,0
404899.jpg,1,0,0,0
404900.jpg,0,1,0,0
404901.jpg,0,1,0,0
404902.jpg,0,1,0,0
404903.jpg,0,1,0,0
404904.jpg,0,1,0,0
404905.jpg,1,0,0,0
404906.jpg,1,0,0,0
404907.jpg,0,1,0,0
404908.jpg,0,1,0,0
404909.jpg,1,0,0,0
404910.jpg,0,1,0,0
404911.jpg,0,0,0,1
404912.jpg,0,1,0,0
404913.jpg,1,0,0,0
404914.jpg,0,1,0,0
404915.jpg,1,0,0,0
404916.jpg,1,0,0,0
404917.jpg,0,0,0,1
404918.jpg,1,0,0,0
404919.jpg,0,1,0,0
404920.jpg,1,0,0,0
404921.jpg,0,1,0,0
404922.jpg,0,1,0,0
404923.jpg,0,1,0,0
404924.jpg,1,0,0,0
404925.jpg,0,1,0,0
404926.jpg,0,1,0,0
404927.jpg,0,1,0,0
404928.jpg,1,0,0,0
404929.jpg,1,0,0,0
404930.jpg,1,0,0,0
404931.jpg,0,1,0,0
404932.jpg,0,0,1,0
404933.jpg,0,1,0,0
404934.jpg,1,0,0,0
404935.jpg,0,1,0,0
404936.jpg,0,0,1,0
404937.jpg,1,0,0,0
404938.jpg,1,0,0,0
404939.jpg,0,1,0,0
404940.jpg,1,0,0,0
404941.jpg,1,0,0,0
404942.jpg,0,1,0,0
404943.jpg,0,1,0,0
404944.jpg,0,1,0,0
404945.jpg,1,0,0,0
404946.jpg,0,1,0,0
404947.jpg,1,0,0,0
404948.jpg,1,0,0,0
404949.jpg,1,0,0,0
404950.jpg,0,1,0,0
404951.jpg,1,0,0,0
404952.jpg,0,0,1,0
404953.jpg,0,1,0,0
404954.jpg,0,1,0,0
404955.jpg,1,0,0,0
404956.jpg,0,1,0,0
404957.jpg,1,0,0,0
404958.jpg,0,1,0,0
404959.jpg,0,0,1,0
404960.jpg,1,0,0,0
404961.jpg,0,1,0,0
404962.jpg,0,0,1,0
404963.jpg,0,1,0,0
404964.jpg,1,0,0,0
404965.jpg,1,0,0,0
404966.jpg,1,0,0,0
404967.jpg,0,1,0,0
404968.jpg,0,1,0,0
404969.jpg,0,1,0,0
404970.jpg,0,1,0,0
404971.jpg,0,1,0,0
404972.jpg,0,1,0,0
404973.jpg,0,1,0,0
404974.jpg,0,1,0,0
404975.jpg,0,1,0,0
404976.jpg,1,0,0,0
404977.jpg,1,0,0,0
404978.jpg,1,0,0,0
404979.jpg,1,0,0,0
404980.jpg,0,1,0,0
404981.jpg,1,0,0,0
404982.jpg,0,1,0,0
404983.jpg,0,1,0,0
404984.jpg,1,0,0,0
404985.jpg,1,0,0,0
404986.jpg,1,0,0,0
404987.jpg,0,1,0,0
404988.jpg,0,1,0,0
404989.jpg,1,0,0,0
404990.jpg,0,1,0,0
404991.jpg,0,1,0,0
404992.jpg,1,0,0,0
404993.jpg,0,0,1,0
404994.jpg,1,0,0,0
404995.jpg,0,1,0,0
404996.jpg,0,0,1,0
404997.jpg,0,1,0,0
404998.jpg,0,1,0,0
404999.jpg,1,0,0,0
405000.jpg,0,1,0,0
405001.jpg,0,1,0,0
405002.jpg,0,1,0,0
405003.jpg,0,1,0,0
405004.jpg,0,1,0,0
405005.jpg,1,0,0,0
405006.jpg,1,0,0,0
405007.jpg,0,1,0,0
405008.jpg,1,0,0,0
405009.jpg,0,1,0,0
405010.jpg,1,0,0,0
